Hour,Solar Power Output (kWh)
1,0.0
2,0.0
3,0.0
4,0.0
5,0.0
6,0.0
7,0.0
8,0.0
9,17.44
10,190.863
11,344.134
12,440.589
13,322.627
14,468.06
15,407.563
16,288.758
17,47.673
18,0.0
19,0.0
20,0.0
21,0.0
22,0.0
23,0.0
24,0.0
25,0.0
26,0.0
27,0.0
28,0.0
29,0.0
30,0.0
31,0.0
32,0.0
33,1.517
34,2.12
35,131.311
36,218.143
37,89.414
38,25.791
39,166.219
40,125.795
41,33.184
42,0.0
43,0.0
44,0.0
45,0.0
46,0.0
47,0.0
48,0.0
49,0.0
50,0.0
51,0.0
52,0.0
53,0.0
54,0.0
55,0.0
56,0.0
57,0.229
58,0.0
59,47.76
60,47.061
61,75.781
62,79.794
63,185.323
64,149.025
65,20.413
66,0.0
67,0.0
68,0.0
69,0.0
70,0.0
71,0.0
72,0.0
73,0.0
74,0.0
75,0.0
76,0.0
77,0.0
78,0.0
79,0.0
80,0.0
81,0.0
82,12.143
83,73.035
84,101.71
85,72.297
86,106.95
87,67.868
88,30.905
89,18.687
90,0.0
91,0.0
92,0.0
93,0.0
94,0.0
95,0.0
96,0.0
97,0.0
98,0.0
99,0.0
100,0.0
101,0.0
102,0.0
103,0.0
104,0.0
105,0.328
106,28.702
107,72.469
108,99.99
109,109.966
110,120.687
111,140.764
112,62.065
113,19.556
114,0.0
115,0.0
116,0.0
117,0.0
118,0.0
119,0.0
120,0.0
121,0.0
122,0.0
123,0.0
124,0.0
125,0.0
126,0.0
127,0.0
128,0.0
129,15.699
130,186.906
131,346.183
132,271.5
133,491.926
134,484.936
135,424.44
136,279.911
137,122.653
138,0.0
139,0.0
140,0.0
141,0.0
142,0.0
143,0.0
144,0.0
145,0.0
146,0.0
147,0.0
148,0.0
149,0.0
150,0.0
151,0.0
152,0.0
153,17.848
154,201.272
155,149.03
156,221.852
157,520.555
158,513.978
159,453.732
160,334.248
161,159.865
162,0.0
163,0.0
164,0.0
165,0.0
166,0.0
167,0.0
168,0.0
169,0.0
170,0.0
171,0.0
172,0.0
173,0.0
174,0.0
175,0.0
176,0.0
177,18.202
178,139.084
179,239.394
180,317.576
181,320.994
182,251.646
183,108.336
184,70.049
185,5.933
186,0.0
187,0.0
188,0.0
189,0.0
190,0.0
191,0.0
192,0.0
193,0.0
194,0.0
195,0.0
196,0.0
197,0.0
198,0.0
199,0.0
200,0.0
201,0.0
202,0.0
203,45.465
204,85.271
205,123.818
206,202.498
207,205.591
208,94.019
209,134.787
210,0.0
211,0.0
212,0.0
213,0.0
214,0.0
215,0.0
216,0.0
217,0.0
218,0.0
219,0.0
220,0.0
221,0.0
222,0.0
223,0.0
224,0.0
225,0.0
226,27.875
227,123.382
228,445.774
229,496.957
230,492.41
231,438.151
232,330.135
233,164.015
234,0.0
235,0.0
236,0.0
237,0.0
238,0.0
239,0.0
240,0.0
241,0.0
242,0.0
243,0.0
244,0.0
245,0.0
246,0.0
247,0.0
248,0.0
249,0.0
250,31.506
251,101.283
252,146.853
253,136.75
254,249.171
255,458.957
256,344.112
257,172.262
258,0.0
259,0.0
260,0.0
261,0.0
262,0.0
263,0.0
264,0.0
265,0.0
266,0.0
267,0.0
268,0.0
269,0.0
270,0.0
271,0.0
272,0.0
273,18.222
274,139.004
275,356.433
276,457.942
277,375.905
278,388.783
279,332.866
280,139.866
281,76.408
282,0.0
283,0.0
284,0.0
285,0.0
286,0.0
287,0.0
288,0.0
289,0.0
290,0.0
291,0.0
292,0.0
293,0.0
294,0.0
295,0.0
296,0.0
297,0.0
298,45.008
299,174.471
300,85.972
301,352.793
302,167.36
303,81.879
304,23.076
305,12.786
306,0.0
307,0.0
308,0.0
309,0.0
310,0.0
311,0.0
312,0.0
313,0.0
314,0.0
315,0.0
316,0.0
317,0.0
318,0.0
319,0.0
320,0.0
321,18.845
322,250.2
323,445.771
324,558.787
325,516.278
326,450.809
327,378.707
328,140.838
329,193.849
330,5.642
331,0.0
332,0.0
333,0.0
334,0.0
335,0.0
336,0.0
337,0.0
338,0.0
339,0.0
340,0.0
341,0.0
342,0.0
343,0.0
344,0.0
345,7.582
346,146.928
347,333.721
348,364.182
349,300.961
350,460.855
351,397.704
352,291.495
353,162.523
354,4.285
355,0.0
356,0.0
357,0.0
358,0.0
359,0.0
360,0.0
361,0.0
362,0.0
363,0.0
364,0.0
365,0.0
366,0.0
367,0.0
368,0.0
369,10.039
370,108.537
371,203.063
372,337.1
373,393.749
374,480.962
375,406.149
376,353.218
377,156.158
378,5.644
379,0.0
380,0.0
381,0.0
382,0.0
383,0.0
384,0.0
385,0.0
386,0.0
387,0.0
388,0.0
389,0.0
390,0.0
391,0.0
392,0.0
393,4.441
394,75.06
395,165.774
396,187.333
397,195.016
398,155.171
399,91.288
400,78.181
401,37.477
402,0.0
403,0.0
404,0.0
405,0.0
406,0.0
407,0.0
408,0.0
409,0.0
410,0.0
411,0.0
412,0.0
413,0.0
414,0.0
415,0.0
416,0.0
417,0.307
418,69.545
419,179.73
420,458.08
421,147.443
422,168.114
423,225.589
424,113.953
425,71.255
426,13.609
427,0.0
428,0.0
429,0.0
430,0.0
431,0.0
432,0.0
433,0.0
434,0.0
435,0.0
436,0.0
437,0.0
438,0.0
439,0.0
440,0.0
441,5.431
442,109.466
443,101.129
444,239.593
445,133.103
446,193.106
447,60.732
448,142.655
449,0.0
450,0.0
451,0.0
452,0.0
453,0.0
454,0.0
455,0.0
456,0.0
457,0.0
458,0.0
459,0.0
460,0.0
461,0.0
462,0.0
463,0.0
464,0.0
465,21.741
466,272.729
467,490.922
468,634.125
469,703.47
470,705.61
471,635.935
472,119.51
473,29.424
474,17.682
475,0.0
476,0.0
477,0.0
478,0.0
479,0.0
480,0.0
481,0.0
482,0.0
483,0.0
484,0.0
485,0.0
486,0.0
487,0.0
488,0.0
489,28.408
490,296.828
491,512.32
492,645.225
493,708.443
494,695.703
495,625.327
496,488.081
497,272.441
498,17.67
499,0.0
500,0.0
501,0.0
502,0.0
503,0.0
504,0.0
505,0.0
506,0.0
507,0.0
508,0.0
509,0.0
510,0.0
511,0.0
512,0.0
513,5.832
514,39.081
515,111.796
516,209.592
517,188.328
518,196.067
519,200.805
520,81.515
521,36.244
522,11.956
523,0.0
524,0.0
525,0.0
526,0.0
527,0.0
528,0.0
529,0.0
530,0.0
531,0.0
532,0.0
533,0.0
534,0.0
535,0.0
536,0.0
537,24.396
538,37.62
539,109.767
540,221.663
541,241.172
542,370.996
543,612.536
544,142.492
545,280.248
546,26.166
547,0.0
548,0.0
549,0.0
550,0.0
551,0.0
552,0.0
553,0.0
554,0.0
555,0.0
556,0.0
557,0.0
558,0.0
559,0.0
560,0.0
561,32.79
562,309.851
563,514.878
564,644.777
565,711.38
566,709.413
567,639.15
568,504.459
569,299.709
570,31.091
571,0.0
572,0.0
573,0.0
574,0.0
575,0.0
576,0.0
577,0.0
578,0.0
579,0.0
580,0.0
581,0.0
582,0.0
583,0.0
584,0.0
585,24.445
586,51.69
587,187.11
588,335.797
589,193.599
590,253.286
591,609.536
592,179.041
593,264.014
594,24.852
595,0.0
596,0.0
597,0.0
598,0.0
599,0.0
600,0.0
601,0.0
602,0.0
603,0.0
604,0.0
605,0.0
606,0.0
607,0.0
608,0.0
609,7.438
610,255.151
611,468.672
612,603.521
613,673.396
614,678.303
615,612.274
616,477.031
617,271.474
618,30.243
619,0.0
620,0.0
621,0.0
622,0.0
623,0.0
624,0.0
625,0.0
626,0.0
627,0.0
628,0.0
629,0.0
630,0.0
631,0.0
632,0.0
633,39.968
634,315.247
635,523.497
636,653.851
637,719.789
638,723.947
639,661.822
640,532.594
641,324.877
642,46.368
643,0.0
644,0.0
645,0.0
646,0.0
647,0.0
648,0.0
649,0.0
650,0.0
651,0.0
652,0.0
653,0.0
654,0.0
655,0.0
656,0.0
657,6.077
658,175.718
659,288.497
660,312.557
661,721.067
662,716.581
663,557.44
664,331.871
665,188.994
666,29.141
667,0.0
668,0.0
669,0.0
670,0.0
671,0.0
672,0.0
673,0.0
674,0.0
675,0.0
676,0.0
677,0.0
678,0.0
679,0.0
680,0.0
681,2.478
682,31.285
683,260.83
684,77.27
685,67.756
686,33.483
687,60.842
688,27.854
689,40.69
690,4.31
691,0.0
692,0.0
693,0.0
694,0.0
695,0.0
696,0.0
697,0.0
698,0.0
699,0.0
700,0.0
701,0.0
702,0.0
703,0.0
704,0.0
705,0.0
706,87.985
707,137.399
708,178.212
709,233.649
710,199.224
711,408.291
712,174.071
713,88.603
714,10.341
715,0.0
716,0.0
717,0.0
718,0.0
719,0.0
720,0.0
721,0.0
722,0.0
723,0.0
724,0.0
725,0.0
726,0.0
727,0.0
728,0.0
729,54.309
730,324.498
731,527.398
732,653.286
733,726.02
734,716.215
735,651.146
736,521.213
737,307.739
738,56.059
739,0.0
740,0.0
741,0.0
742,0.0
743,0.0
744,0.0
745,0.0
746,0.0
747,0.0
748,0.0
749,0.0
750,0.0
751,0.0
752,0.0
753,37.846
754,262.52
755,155.003
756,165.675
757,92.492
758,88.138
759,112.786
760,30.457
761,24.214
762,2.036
763,0.0
764,0.0
765,0.0
766,0.0
767,0.0
768,0.0
769,0.0
770,0.0
771,0.0
772,0.0
773,0.0
774,0.0
775,0.0
776,0.0
777,26.793
778,65.069
779,153.12
780,204.865
781,228.719
782,363.077
783,244.262
784,71.49
785,315.781
786,67.139
787,0.0
788,0.0
789,0.0
790,0.0
791,0.0
792,0.0
793,0.0
794,0.0
795,0.0
796,0.0
797,0.0
798,0.0
799,0.0
800,0.0
801,79.301
802,372.126
803,595.467
804,733.769
805,799.89
806,797.848
807,731.052
808,598.22
809,384.766
810,98.016
811,0.0
812,0.0
813,0.0
814,0.0
815,0.0
816,0.0
817,0.0
818,0.0
819,0.0
820,0.0
821,0.0
822,0.0
823,0.0
824,0.0
825,85.651
826,376.442
827,598.268
828,732.561
829,798.351
830,791.993
831,714.025
832,574.977
833,365.559
834,94.724
835,0.0
836,0.0
837,0.0
838,0.0
839,0.0
840,0.0
841,0.0
842,0.0
843,0.0
844,0.0
845,0.0
846,0.0
847,0.0
848,0.0
849,2.198
850,11.779
851,26.06
852,35.033
853,182.634
854,275.62
855,285.98
856,550.861
857,349.598
858,96.889
859,0.0
860,0.0
861,0.0
862,0.0
863,0.0
864,0.0
865,0.0
866,0.0
867,0.0
868,0.0
869,0.0
870,0.0
871,0.0
872,0.0
873,3.095
874,103.919
875,191.418
876,184.463
877,159.102
878,126.591
879,80.104
880,45.151
881,25.684
882,0.374
883,0.0
884,0.0
885,0.0
886,0.0
887,0.0
888,0.0
889,0.0
890,0.0
891,0.0
892,0.0
893,0.0
894,0.0
895,0.0
896,0.0
897,76.822
898,74.008
899,313.029
900,676.636
901,748.419
902,397.414
903,388.6
904,153.667
905,50.574
906,99.652
907,0.0
908,0.0
909,0.0
910,0.0
911,0.0
912,0.0
913,0.0
914,0.0
915,0.0
916,0.0
917,0.0
918,0.0
919,0.0
920,0.0
921,109.886
922,397.595
923,620.205
924,758.076
925,820.639
926,809.654
927,547.389
928,338.696
929,383.788
930,35.461
931,0.0
932,0.0
933,0.0
934,0.0
935,0.0
936,0.0
937,0.0
938,0.0
939,0.0
940,0.0
941,0.0
942,0.0
943,0.0
944,0.0
945,0.701
946,83.599
947,278.072
948,357.665
949,410.409
950,434.721
951,369.204
952,313.163
953,197.557
954,39.427
955,0.0
956,0.0
957,0.0
958,0.0
959,0.0
960,0.0
961,0.0
962,0.0
963,0.0
964,0.0
965,0.0
966,0.0
967,0.0
968,0.0
969,128.852
970,422.029
971,650.613
972,787.172
973,833.333
974,833.333
975,788.833
976,654.407
977,429.585
978,148.222
979,0.0
980,0.0
981,0.0
982,0.0
983,0.0
984,0.0
985,0.0
986,0.0
987,0.0
988,0.0
989,0.0
990,0.0
991,0.0
992,0.0
993,115.056
994,81.324
995,245.014
996,228.786
997,302.522
998,324.572
999,279.151
1000,261.181
1001,66.082
1002,17.945
1003,0.0
1004,0.0
1005,0.0
1006,0.0
1007,0.0
1008,0.0
1009,0.0
1010,0.0
1011,0.0
1012,0.0
1013,0.0
1014,0.0
1015,0.0
1016,0.0
1017,124.632
1018,386.794
1019,590.314
1020,719.468
1021,780.916
1022,604.918
1023,501.943
1024,358.105
1025,124.841
1026,24.747
1027,0.0
1028,0.0
1029,0.0
1030,0.0
1031,0.0
1032,0.0
1033,0.0
1034,0.0
1035,0.0
1036,0.0
1037,0.0
1038,0.0
1039,0.0
1040,0.0
1041,69.667
1042,176.407
1043,349.61
1044,390.089
1045,493.021
1046,640.445
1047,566.525
1048,590.83
1049,392.758
1050,143.036
1051,0.0
1052,0.0
1053,0.0
1054,0.0
1055,0.0
1056,0.0
1057,0.0
1058,0.0
1059,0.0
1060,0.0
1061,0.0
1062,0.0
1063,0.0
1064,0.0
1065,46.573
1066,89.891
1067,437.799
1068,515.269
1069,456.884
1070,341.162
1071,243.362
1072,203.11
1073,390.694
1074,142.894
1075,0.0
1076,0.0
1077,0.0
1078,0.0
1079,0.0
1080,0.0
1081,0.0
1082,0.0
1083,0.0
1084,0.0
1085,0.0
1086,0.0
1087,0.0
1088,0.0
1089,106.432
1090,286.006
1091,486.357
1092,523.033
1093,660.24
1094,681.473
1095,607.787
1096,512.268
1097,348.048
1098,125.845
1099,0.0
1100,0.0
1101,0.0
1102,0.0
1103,0.0
1104,0.0
1105,0.0
1106,0.0
1107,0.0
1108,0.0
1109,0.0
1110,0.0
1111,0.0
1112,0.0
1113,114.065
1114,343.773
1115,546.68
1116,446.181
1117,732.043
1118,718.456
1119,587.123
1120,451.676
1121,279.292
1122,42.611
1123,0.0
1124,0.0
1125,0.0
1126,0.0
1127,0.0
1128,0.0
1129,0.0
1130,0.0
1131,0.0
1132,0.0
1133,0.0
1134,0.0
1135,0.0
1136,0.0
1137,0.958
1138,79.851
1139,167.941
1140,511.501
1141,564.816
1142,561.496
1143,231.722
1144,104.627
1145,31.806
1146,74.911
1147,0.0
1148,0.0
1149,0.0
1150,0.0
1151,0.0
1152,0.0
1153,0.0
1154,0.0
1155,0.0
1156,0.0
1157,0.0
1158,0.0
1159,0.0
1160,0.0
1161,0.0
1162,195.325
1163,298.251
1164,260.193
1165,677.567
1166,676.156
1167,620.495
1168,510.542
1169,250.189
1170,130.893
1171,0.0
1172,0.0
1173,0.0
1174,0.0
1175,0.0
1176,0.0
1177,0.0
1178,0.0
1179,0.0
1180,0.0
1181,0.0
1182,0.0
1183,0.0
1184,0.0
1185,68.984
1186,319.009
1187,390.531
1188,462.585
1189,436.978
1190,651.14
1191,596.469
1192,494.844
1193,335.136
1194,130.098
1195,0.0
1196,0.0
1197,0.0
1198,0.0
1199,0.0
1200,0.0
1201,0.0
1202,0.0
1203,0.0
1204,0.0
1205,0.0
1206,0.0
1207,0.0
1208,0.0
1209,13.266
1210,16.066
1211,28.435
1212,91.56
1213,255.346
1214,291.64
1215,415.309
1216,323.337
1217,141.418
1218,46.959
1219,0.0
1220,0.0
1221,0.0
1222,0.0
1223,0.0
1224,0.0
1225,0.0
1226,0.0
1227,0.0
1228,0.0
1229,0.0
1230,0.0
1231,0.0
1232,0.0
1233,15.67
1234,7.804
1235,69.371
1236,123.567
1237,32.084
1238,76.672
1239,58.235
1240,73.617
1241,33.037
1242,0.0
1243,0.0
1244,0.0
1245,0.0
1246,0.0
1247,0.0
1248,0.0
1249,0.0
1250,0.0
1251,0.0
1252,0.0
1253,0.0
1254,0.0
1255,0.0
1256,0.0
1257,39.042
1258,111.755
1259,175.965
1260,302.007
1261,483.346
1262,323.717
1263,458.689
1264,222.917
1265,18.528
1266,28.383
1267,0.0
1268,0.0
1269,0.0
1270,0.0
1271,0.0
1272,0.0
1273,0.0
1274,0.0
1275,0.0
1276,0.0
1277,0.0
1278,0.0
1279,0.0
1280,0.0
1281,54.176
1282,108.615
1283,307.663
1284,499.012
1285,631.009
1286,677.606
1287,726.985
1288,589.592
1289,391.998
1290,158.41
1291,0.0
1292,0.0
1293,0.0
1294,0.0
1295,0.0
1296,0.0
1297,0.0
1298,0.0
1299,0.0
1300,0.0
1301,0.0
1302,0.0
1303,0.0
1304,0.0
1305,147.924
1306,95.76
1307,129.042
1308,381.172
1309,361.803
1310,120.865
1311,294.206
1312,194.231
1313,86.44
1314,31.148
1315,0.0
1316,0.0
1317,0.0
1318,0.0
1319,0.0
1320,0.0
1321,0.0
1322,0.0
1323,0.0
1324,0.0
1325,0.0
1326,0.0
1327,0.0
1328,0.0
1329,178.439
1330,297.106
1331,650.984
1332,502.957
1333,629.016
1334,562.727
1335,758.57
1336,625.312
1337,231.176
1338,106.45
1339,0.0
1340,0.0
1341,0.0
1342,0.0
1343,0.0
1344,0.0
1345,0.0
1346,0.0
1347,0.0
1348,0.0
1349,0.0
1350,0.0
1351,0.0
1352,0.0
1353,22.3
1354,70.143
1355,59.881
1356,279.542
1357,235.779
1358,278.925
1359,232.061
1360,111.125
1361,275.688
1362,63.414
1363,0.0
1364,0.0
1365,0.0
1366,0.0
1367,0.0
1368,0.0
1369,0.0
1370,0.0
1371,0.0
1372,0.0
1373,0.0
1374,0.0
1375,0.0
1376,0.0
1377,174.163
1378,124.353
1379,162.46
1380,394.17
1381,494.253
1382,305.083
1383,147.565
1384,361.359
1385,349.632
1386,15.706
1387,0.0
1388,0.0
1389,0.0
1390,0.0
1391,0.0
1392,0.0
1393,0.0
1394,0.0
1395,0.0
1396,0.0
1397,0.0
1398,0.0
1399,0.0
1400,0.0
1401,21.377
1402,128.643
1403,244.043
1404,395.705
1405,395.005
1406,503.283
1407,469.659
1408,487.666
1409,467.555
1410,210.238
1411,0.0
1412,0.0
1413,0.0
1414,0.0
1415,0.0
1416,0.0
1417,0.0
1418,0.0
1419,0.0
1420,0.0
1421,0.0
1422,0.0
1423,0.0
1424,0.0
1425,95.736
1426,222.813
1427,320.263
1428,386.259
1429,418.271
1430,408.26
1431,373.015
1432,306.986
1433,213.996
1434,88.106
1435,0.0
1436,0.0
1437,0.0
1438,0.0
1439,0.0
1440,0.0
1441,0.0
1442,0.0
1443,0.0
1444,0.0
1445,0.0
1446,0.0
1447,0.0
1448,0.0
1449,61.754
1450,228.972
1451,327.068
1452,392.562
1453,425.702
1454,419.097
1455,383.417
1456,315.756
1457,224.088
1458,98.567
1459,0.041
1460,0.0
1461,0.0
1462,0.0
1463,0.0
1464,0.0
1465,0.0
1466,0.0
1467,0.0
1468,0.0
1469,0.0
1470,0.0
1471,0.0
1472,0.0
1473,72.61
1474,162.768
1475,260.376
1476,313.375
1477,307.654
1478,332.775
1479,262.98
1480,271.963
1481,210.718
1482,66.728
1483,0.0
1484,0.0
1485,0.0
1486,0.0
1487,0.0
1488,0.0
1489,0.0
1490,0.0
1491,0.0
1492,0.0
1493,0.0
1494,0.0
1495,0.0
1496,0.0
1497,37.858
1498,27.72
1499,97.648
1500,158.278
1501,102.61
1502,100.702
1503,112.129
1504,117.664
1505,1.57
1506,24.122
1507,0.0
1508,0.0
1509,0.0
1510,0.0
1511,0.0
1512,0.0
1513,0.0
1514,0.0
1515,0.0
1516,0.0
1517,0.0
1518,0.0
1519,0.0
1520,0.0
1521,2.765
1522,14.285
1523,37.481
1524,89.015
1525,68.271
1526,41.47
1527,68.853
1528,47.749
1529,27.218
1530,14.41
1531,0.0
1532,0.0
1533,0.0
1534,0.0
1535,0.0
1536,0.0
1537,0.0
1538,0.0
1539,0.0
1540,0.0
1541,0.0
1542,0.0
1543,0.0
1544,3.117
1545,30.94
1546,44.878
1547,82.758
1548,201.158
1549,218.719
1550,287.43
1551,260.767
1552,215.874
1553,99.207
1554,29.55
1555,0.0
1556,0.0
1557,0.0
1558,0.0
1559,0.0
1560,0.0
1561,0.0
1562,0.0
1563,0.0
1564,0.0
1565,0.0
1566,0.0
1567,0.0
1568,4.225
1569,12.063
1570,48.219
1571,70.861
1572,153.573
1573,196.526
1574,318.018
1575,301.496
1576,169.443
1577,124.779
1578,31.736
1579,0.0
1580,0.0
1581,0.0
1582,0.0
1583,0.0
1584,0.0
1585,0.0
1586,0.0
1587,0.0
1588,0.0
1589,0.0
1590,0.0
1591,0.0
1592,0.0
1593,56.737
1594,215.553
1595,286.607
1596,317.821
1597,233.296
1598,159.862
1599,196.889
1600,73.296
1601,82.142
1602,21.343
1603,0.0
1604,0.0
1605,0.0
1606,0.0
1607,0.0
1608,0.0
1609,0.0
1610,0.0
1611,0.0
1612,0.0
1613,0.0
1614,0.0
1615,0.0
1616,0.0
1617,9.942
1618,86.176
1619,22.368
1620,56.291
1621,61.216
1622,83.112
1623,45.304
1624,294.866
1625,202.863
1626,91.606
1627,1.928
1628,0.0
1629,0.0
1630,0.0
1631,0.0
1632,0.0
1633,0.0
1634,0.0
1635,0.0
1636,0.0
1637,0.0
1638,0.0
1639,0.0
1640,0.0
1641,10.135
1642,13.934
1643,36.776
1644,78.381
1645,68.208
1646,82.729
1647,51.805
1648,35.649
1649,20.258
1650,13.972
1651,2.105
1652,0.0
1653,0.0
1654,0.0
1655,0.0
1656,0.0
1657,0.0
1658,0.0
1659,0.0
1660,0.0
1661,0.0
1662,0.0
1663,0.0
1664,9.203
1665,128.09
1666,259.512
1667,353.143
1668,415.775
1669,445.11
1670,436.858
1671,399.218
1672,326.658
1673,195.892
1674,90.634
1675,3.885
1676,0.0
1677,0.0
1678,0.0
1679,0.0
1680,0.0
1681,0.0
1682,0.0
1683,0.0
1684,0.0
1685,0.0
1686,0.0
1687,0.0
1688,11.688
1689,125.716
1690,251.173
1691,170.234
1692,201.951
1693,291.203
1694,288.133
1695,263.023
1696,199.686
1697,230.016
1698,60.101
1699,4.858
1700,0.0
1701,0.0
1702,0.0
1703,0.0
1704,0.0
1705,0.0
1706,0.0
1707,0.0
1708,0.0
1709,0.0
1710,0.0
1711,0.0
1712,1.382
1713,30.698
1714,62.746
1715,163.116
1716,194.158
1717,245.356
1718,243.166
1719,389.771
1720,321.3
1721,191.513
1722,90.596
1723,3.171
1724,0.0
1725,0.0
1726,0.0
1727,0.0
1728,0.0
1729,0.0
1730,0.0
1731,0.0
1732,0.0
1733,0.0
1734,0.0
1735,0.0
1736,5.752
1737,74.368
1738,140.412
1739,223.661
1740,271.012
1741,275.224
1742,267.875
1743,288.121
1744,203.766
1745,132.49
1746,85.4
1747,3.975
1748,0.0
1749,0.0
1750,0.0
1751,0.0
1752,0.0
1753,0.0
1754,0.0
1755,0.0
1756,0.0
1757,0.0
1758,0.0
1759,0.0
1760,0.0
1761,12.45
1762,12.343
1763,128.262
1764,57.472
1765,67.346
1766,111.208
1767,23.507
1768,9.027
1769,12.073
1770,7.903
1771,0.0
1772,0.0
1773,0.0
1774,0.0
1775,0.0
1776,0.0
1777,0.0
1778,0.0
1779,0.0
1780,0.0
1781,0.0
1782,0.0
1783,0.0
1784,19.919
1785,130.141
1786,251.355
1787,333.683
1788,396.013
1789,426.223
1790,419.911
1791,382.894
1792,266.339
1793,225.042
1794,40.45
1795,7.56
1796,0.0
1797,0.0
1798,0.0
1799,0.0
1800,0.0
1801,0.0
1802,0.0
1803,0.0
1804,0.0
1805,0.0
1806,0.0
1807,0.0
1808,19.291
1809,119.047
1810,153.436
1811,250.051
1812,332.55
1813,332.963
1814,339.805
1815,300.006
1816,220.115
1817,179.051
1818,75.646
1819,5.237
1820,0.0
1821,0.0
1822,0.0
1823,0.0
1824,0.0
1825,0.0
1826,0.0
1827,0.0
1828,0.0
1829,0.0
1830,0.0
1831,0.0
1832,13.031
1833,82.741
1834,219.739
1835,243.059
1836,49.746
1837,44.182
1838,201.079
1839,85.652
1840,311.975
1841,117.555
1842,89.366
1843,8.631
1844,0.0
1845,0.0
1846,0.0
1847,0.0
1848,0.0
1849,0.0
1850,0.0
1851,0.0
1852,0.0
1853,0.0
1854,0.0
1855,0.0
1856,26.158
1857,141.977
1858,263.559
1859,303.738
1860,409.326
1861,438.82
1862,434.276
1863,397.737
1864,285.564
1865,176.398
1866,76.522
1867,8.461
1868,0.0
1869,0.0
1870,0.0
1871,0.0
1872,0.0
1873,0.0
1874,0.0
1875,0.0
1876,0.0
1877,0.0
1878,0.0
1879,0.0
1880,4.235
1881,51.12
1882,31.622
1883,276.269
1884,173.621
1885,304.804
1886,289.93
1887,219.155
1888,225.251
1889,165.951
1890,48.781
1891,3.551
1892,0.0
1893,0.0
1894,0.0
1895,0.0
1896,0.0
1897,0.0
1898,0.0
1899,0.0
1900,0.0
1901,0.0
1902,0.0
1903,0.0
1904,11.028
1905,65.29
1906,127.584
1907,222.211
1908,318.081
1909,387.146
1910,311.206
1911,308.054
1912,201.438
1913,106.179
1914,93.445
1915,10.757
1916,0.0
1917,0.0
1918,0.0
1919,0.0
1920,0.0
1921,0.0
1922,0.0
1923,0.0
1924,0.0
1925,0.0
1926,0.0
1927,0.0
1928,14.771
1929,61.162
1930,193.023
1931,237.073
1932,175.248
1933,177.913
1934,259.184
1935,312.045
1936,190.752
1937,19.993
1938,44.464
1939,0.587
1940,0.0
1941,0.0
1942,0.0
1943,0.0
1944,0.0
1945,0.0
1946,0.0
1947,0.0
1948,0.0
1949,0.0
1950,0.0
1951,0.0
1952,19.259
1953,124.167
1954,242.234
1955,233.522
1956,403.481
1957,432.418
1958,428.203
1959,393.784
1960,229.074
1961,7.204
1962,73.599
1963,9.964
1964,0.0
1965,0.0
1966,0.0
1967,0.0
1968,0.0
1969,0.0
1970,0.0
1971,0.0
1972,0.0
1973,0.0
1974,0.0
1975,0.0
1976,35.68
1977,11.058
1978,61.045
1979,68.149
1980,231.184
1981,248.624
1982,255.451
1983,234.144
1984,196.275
1985,135.427
1986,54.465
1987,19.627
1988,0.0
1989,0.0
1990,0.0
1991,0.0
1992,0.0
1993,0.0
1994,0.0
1995,0.0
1996,0.0
1997,0.0
1998,0.0
1999,0.0
2000,1.797
2001,45.879
2002,106.696
2003,228.03
2004,256.809
2005,396.901
2006,447.316
2007,412.771
2008,344.682
2009,252.077
2010,68.199
2011,8.209
2012,0.0
2013,0.0
2014,0.0
2015,0.0
2016,0.0
2017,0.0
2018,0.0
2019,0.0
2020,0.0
2021,0.0
2022,0.0
2023,0.0
2024,40.845
2025,162.109
2026,279.957
2027,341.491
2028,357.59
2029,342.645
2030,365.141
2031,271.479
2032,202.068
2033,88.624
2034,78.795
2035,4.665
2036,0.0
2037,0.0
2038,0.0
2039,0.0
2040,0.0
2041,0.0
2042,0.0
2043,0.0
2044,0.0
2045,0.0
2046,0.0
2047,0.0
2048,46.552
2049,176.499
2050,301.875
2051,393.529
2052,453.775
2053,479.938
2054,431.737
2055,428.307
2056,356.832
2057,237.357
2058,125.382
2059,17.963
2060,0.0
2061,0.0
2062,0.0
2063,0.0
2064,0.0
2065,0.0
2066,0.0
2067,0.0
2068,0.0
2069,0.0
2070,0.0
2071,0.0
2072,47.84
2073,133.817
2074,269.358
2075,383.192
2076,441.49
2077,469.337
2078,462.321
2079,427.146
2080,360.721
2081,226.598
2082,141.471
2083,24.951
2084,0.0
2085,0.0
2086,0.0
2087,0.0
2088,0.0
2089,0.0
2090,0.0
2091,0.0
2092,0.0
2093,0.0
2094,0.0
2095,0.0
2096,0.0
2097,22.274
2098,93.189
2099,255.219
2100,211.723
2101,449.62
2102,435.837
2103,401.789
2104,270.211
2105,144.01
2106,99.218
2107,15.54
2108,0.0
2109,0.0
2110,0.0
2111,0.0
2112,0.0
2113,0.0
2114,0.0
2115,0.0
2116,0.0
2117,0.0
2118,0.0
2119,0.0
2120,0.0
2121,80.35
2122,209.004
2123,374.122
2124,434.697
2125,465.223
2126,460.068
2127,423.075
2128,355.659
2129,262.301
2130,139.496
2131,26.28
2132,0.0
2133,0.0
2134,0.0
2135,0.0
2136,0.0
2137,0.0
2138,0.0
2139,0.0
2140,0.0
2141,0.0
2142,0.0
2143,0.0
2144,47.286
2145,163.081
2146,254.541
2147,344.256
2148,389.389
2149,375.654
2150,390.936
2151,365.885
2152,248.995
2153,227.563
2154,120.969
2155,27.144
2156,0.0
2157,0.0
2158,0.0
2159,0.0
2160,0.0
2161,0.0
2162,0.0
2163,0.0
2164,0.0
2165,0.0
2166,0.0
2167,0.0
2168,51.99
2169,133.21
2170,101.347
2171,495.682
2172,355.075
2173,435.147
2174,423.43
2175,387.55
2176,325.848
2177,337.199
2178,181.504
2179,36.366
2180,0.0
2181,0.0
2182,0.0
2183,0.0
2184,0.0
2185,0.0
2186,0.0
2187,0.0
2188,0.0
2189,0.0
2190,0.0
2191,0.0
2192,75.859
2193,237.856
2194,385.223
2195,486.031
2196,560.952
2197,594.633
2198,583.919
2199,537.488
2200,450.542
2201,332.623
2202,181.046
2203,38.22
2204,0.0
2205,0.0
2206,0.0
2207,0.0
2208,0.0
2209,0.0
2210,0.0
2211,0.0
2212,0.0
2213,0.0
2214,0.0
2215,0.0
2216,48.369
2217,133.351
2218,325.214
2219,470.99
2220,540.672
2221,570.228
2222,554.418
2223,511.563
2224,431.906
2225,314.095
2226,130.489
2227,28.458
2228,0.0
2229,0.0
2230,0.0
2231,0.0
2232,0.0
2233,0.0
2234,0.0
2235,0.0
2236,0.0
2237,0.0
2238,0.0
2239,0.0
2240,20.569
2241,58.596
2242,44.527
2243,65.667
2244,168.865
2245,109.33
2246,25.676
2247,58.716
2248,47.616
2249,97.965
2250,62.304
2251,17.324
2252,0.0
2253,0.0
2254,0.0
2255,0.0
2256,0.0
2257,0.0
2258,0.0
2259,0.0
2260,0.0
2261,0.0
2262,0.0
2263,0.0
2264,0.0
2265,27.911
2266,59.02
2267,113.48
2268,132.315
2269,179.205
2270,234.923
2271,161.904
2272,111.984
2273,115.147
2274,54.76
2275,14.305
2276,0.0
2277,0.0
2278,0.0
2279,0.0
2280,0.0
2281,0.0
2282,0.0
2283,0.0
2284,0.0
2285,0.0
2286,0.0
2287,0.0
2288,38.95
2289,83.475
2290,140.575
2291,357.072
2292,352.978
2293,378.219
2294,283.066
2295,159.333
2296,167.716
2297,57.325
2298,8.61
2299,12.172
2300,0.0
2301,0.0
2302,0.0
2303,0.0
2304,0.0
2305,0.0
2306,0.0
2307,0.0
2308,0.0
2309,0.0
2310,0.0
2311,0.0
2312,84.617
2313,234.802
2314,41.808
2315,81.759
2316,89.679
2317,82.279
2318,97.73
2319,84.028
2320,71.567
2321,46.245
2322,178.012
2323,41.539
2324,0.0
2325,0.0
2326,0.0
2327,0.0
2328,0.0
2329,0.0
2330,0.0
2331,0.0
2332,0.0
2333,0.0
2334,0.0
2335,0.0
2336,0.0
2337,130.702
2338,78.3
2339,95.673
2340,69.705
2341,95.557
2342,128.212
2343,97.953
2344,63.086
2345,40.953
2346,17.227
2347,49.954
2348,0.0
2349,0.0
2350,0.0
2351,0.0
2352,0.0
2353,0.0
2354,0.0
2355,0.0
2356,0.0
2357,0.0
2358,0.0
2359,0.0
2360,7.505
2361,39.286
2362,81.652
2363,223.663
2364,618.509
2365,651.404
2366,637.312
2367,586.328
2368,495.847
2369,373.155
2370,209.818
2371,53.014
2372,0.0
2373,0.0
2374,0.0
2375,0.0
2376,0.0
2377,0.0
2378,0.0
2379,0.0
2380,0.0
2381,0.0
2382,0.0
2383,1.791
2384,114.476
2385,296.449
2386,449.607
2387,562.319
2388,632.874
2389,661.841
2390,648.029
2391,591.902
2392,500.879
2393,378.124
2394,215.774
2395,54.385
2396,0.0
2397,0.0
2398,0.0
2399,0.0
2400,0.0
2401,0.0
2402,0.0
2403,0.0
2404,0.0
2405,0.0
2406,0.0
2407,1.781
2408,110.704
2409,280.058
2410,422.036
2411,525.063
2412,589.892
2413,618.656
2414,604.633
2415,552.799
2416,459.216
2417,339.432
2418,188.96
2419,49.204
2420,0.0
2421,0.0
2422,0.0
2423,0.0
2424,0.0
2425,0.0
2426,0.0
2427,0.0
2428,0.0
2429,0.0
2430,0.0
2431,1.88
2432,113.298
2433,287.22
2434,432.405
2435,539.712
2436,611.835
2437,643.103
2438,633.813
2439,586.655
2440,499.611
2441,378.759
2442,217.505
2443,56.733
2444,0.0
2445,0.0
2446,0.0
2447,0.0
2448,0.0
2449,0.0
2450,0.0
2451,0.0
2452,0.0
2453,0.0
2454,0.0
2455,2.82
2456,116.579
2457,286.899
2458,429.318
2459,531.377
2460,597.088
2461,622.113
2462,607.165
2463,560.614
2464,475.706
2465,359.302
2466,207.131
2467,55.962
2468,0.0
2469,0.0
2470,0.0
2471,0.0
2472,0.0
2473,0.0
2474,0.0
2475,0.0
2476,0.0
2477,0.0
2478,0.0
2479,2.19
2480,108.673
2481,260.851
2482,396.239
2483,480.484
2484,547.733
2485,581.258
2486,569.868
2487,523.769
2488,440.217
2489,319.411
2490,164.385
2491,47.446
2492,0.0
2493,0.0
2494,0.0
2495,0.0
2496,0.0
2497,0.0
2498,0.0
2499,0.0
2500,0.0
2501,0.0
2502,0.0
2503,3.781
2504,113.221
2505,271.505
2506,408.48
2507,511.336
2508,580.417
2509,608.374
2510,597.382
2511,551.233
2512,403.966
2513,303.266
2514,174.67
2515,41.936
2516,0.0
2517,0.0
2518,0.0
2519,0.0
2520,0.0
2521,0.0
2522,0.0
2523,0.0
2524,0.0
2525,0.0
2526,0.0
2527,4.619
2528,112.281
2529,221.317
2530,367.533
2531,436.256
2532,510.759
2533,476.504
2534,398.418
2535,468.936
2536,118.374
2537,221.02
2538,153.876
2539,0.0
2540,0.0
2541,0.0
2542,0.0
2543,0.0
2544,0.0
2545,0.0
2546,0.0
2547,0.0
2548,0.0
2549,0.0
2550,0.0
2551,0.415
2552,53.464
2553,20.782
2554,212.494
2555,313.137
2556,352.919
2557,145.857
2558,74.74
2559,183.939
2560,65.952
2561,249.074
2562,188.096
2563,56.414
2564,0.0
2565,0.0
2566,0.0
2567,0.0
2568,0.0
2569,0.0
2570,0.0
2571,0.0
2572,0.0
2573,0.0
2574,0.0
2575,3.284
2576,25.799
2577,127.6
2578,229.374
2579,298.717
2580,341.021
2581,577.108
2582,572.268
2583,471.613
2584,335.969
2585,246.701
2586,115.027
2587,0.0
2588,0.0
2589,0.0
2590,0.0
2591,0.0
2592,0.0
2593,0.0
2594,0.0
2595,0.0
2596,0.0
2597,0.0
2598,0.0
2599,4.036
2600,91.804
2601,202.866
2602,337.367
2603,392.606
2604,483.318
2605,514.261
2606,504.993
2607,228.501
2608,152.791
2609,175.868
2610,114.611
2611,34.276
2612,0.0
2613,0.0
2614,0.0
2615,0.0
2616,0.0
2617,0.0
2618,0.0
2619,0.0
2620,0.0
2621,0.0
2622,0.0
2623,0.289
2624,6.684
2625,95.439
2626,216.107
2627,386.207
2628,294.286
2629,616.442
2630,260.981
2631,382.816
2632,299.954
2633,348.36
2634,206.281
2635,50.467
2636,0.0
2637,0.0
2638,0.0
2639,0.0
2640,0.0
2641,0.0
2642,0.0
2643,0.0
2644,0.0
2645,0.0
2646,0.0
2647,0.13
2648,102.914
2649,218.272
2650,130.554
2651,143.241
2652,97.828
2653,100.383
2654,59.206
2655,83.35
2656,65.314
2657,62.947
2658,39.768
2659,7.552
2660,0.0
2661,0.0
2662,0.0
2663,0.0
2664,0.0
2665,0.0
2666,0.0
2667,0.0
2668,0.0
2669,0.0
2670,0.0
2671,16.15
2672,40.25
2673,87.066
2674,130.687
2675,152.73
2676,392.537
2677,312.712
2678,640.728
2679,591.601
2680,501.682
2681,380.67
2682,229.558
2683,74.412
2684,0.0
2685,0.0
2686,0.0
2687,0.0
2688,0.0
2689,0.0
2690,0.0
2691,0.0
2692,0.0
2693,0.0
2694,0.0
2695,18.916
2696,150.228
2697,319.845
2698,456.152
2699,556.411
2700,618.565
2701,647.394
2702,633.352
2703,581.373
2704,494.387
2705,378.108
2706,197.806
2707,73.538
2708,0.0
2709,0.0
2710,0.0
2711,0.0
2712,0.0
2713,0.0
2714,0.0
2715,0.0
2716,0.0
2717,0.0
2718,0.0
2719,15.128
2720,89.691
2721,119.137
2722,272.069
2723,347.517
2724,374.825
2725,350.606
2726,419.585
2727,122.377
2728,280.651
2729,81.113
2730,35.854
2731,44.065
2732,0.0
2733,0.0
2734,0.0
2735,0.0
2736,0.0
2737,0.0
2738,0.0
2739,0.0
2740,0.0
2741,0.0
2742,0.0
2743,0.455
2744,31.108
2745,19.407
2746,104.659
2747,88.878
2748,102.514
2749,164.342
2750,104.04
2751,252.904
2752,176.353
2753,146.768
2754,3.777
2755,7.53
2756,0.0
2757,0.0
2758,0.0
2759,0.0
2760,0.0
2761,0.0
2762,0.0
2763,0.0
2764,0.0
2765,0.0
2766,0.0
2767,24.042
2768,152.032
2769,316.789
2770,453.098
2771,557.092
2772,622.472
2773,650.117
2774,632.473
2775,582.872
2776,492.439
2777,372.532
2778,223.941
2779,75.71
2780,0.0
2781,0.0
2782,0.0
2783,0.0
2784,0.0
2785,0.0
2786,0.0
2787,0.0
2788,0.0
2789,0.0
2790,0.0
2791,24.832
2792,150.485
2793,308.501
2794,437.945
2795,531.237
2796,597.657
2797,624.855
2798,613.061
2799,565.348
2800,481.158
2801,370.259
2802,224.653
2803,75.936
2804,0.0
2805,0.0
2806,0.0
2807,0.0
2808,0.0
2809,0.0
2810,0.0
2811,0.0
2812,0.0
2813,0.0
2814,0.0
2815,25.402
2816,141.851
2817,289.694
2818,314.311
2819,310.721
2820,381.765
2821,425.425
2822,360.301
2823,435.707
2824,249.76
2825,62.161
2826,24.728
2827,7.842
2828,0.0
2829,0.0
2830,0.0
2831,0.0
2832,0.0
2833,0.0
2834,0.0
2835,0.0
2836,0.0
2837,0.0
2838,0.0
2839,21.405
2840,152.254
2841,309.825
2842,388.701
2843,449.25
2844,493.631
2845,534.684
2846,512.781
2847,490.624
2848,401.216
2849,232.675
2850,173.791
2851,48.267
2852,0.0
2853,0.0
2854,0.0
2855,0.0
2856,0.0
2857,0.0
2858,0.0
2859,0.0
2860,0.0
2861,0.0
2862,0.0
2863,11.256
2864,76.66
2865,98.586
2866,213.056
2867,335.969
2868,458.542
2869,526.476
2870,494.947
2871,413.434
2872,362.567
2873,288.117
2874,206.186
2875,56.438
2876,0.0
2877,0.0
2878,0.0
2879,0.0
2880,0.0
2881,0.0
2882,0.0
2883,0.0
2884,0.0
2885,0.0
2886,0.0
2887,19.453
2888,85.953
2889,160.164
2890,202.993
2891,197.016
2892,234.375
2893,245.215
2894,385.156
2895,491.026
2896,387.885
2897,406.965
2898,198.455
2899,76.155
2900,0.0
2901,0.0
2902,0.0
2903,0.0
2904,0.0
2905,0.0
2906,0.0
2907,0.0
2908,0.0
2909,0.0
2910,0.0
2911,38.203
2912,26.728
2913,144.744
2914,174.339
2915,168.371
2916,268.435
2917,347.014
2918,419.027
2919,96.383
2920,149.34
2921,32.672
2922,23.147
2923,8.117
2924,0.0
2925,0.0
2926,0.0
2927,0.0
2928,0.0
2929,0.0
2930,0.0
2931,0.0
2932,0.0
2933,0.0
2934,0.0
2935,27.242
2936,103.773
2937,265.246
2938,526.145
2939,641.181
2940,710.106
2941,738.519
2942,721.614
2943,545.508
2944,574.931
2945,179.26
2946,70.67
2947,29.68
2948,0.0
2949,0.0
2950,0.0
2951,0.0
2952,0.0
2953,0.0
2954,0.0
2955,0.0
2956,0.0
2957,0.0
2958,0.0
2959,9.345
2960,41.619
2961,163.15
2962,407.117
2963,340.469
2964,657.444
2965,581.502
2966,312.135
2967,717.077
2968,138.949
2969,40.738
2970,6.755
2971,0.886
2972,0.0
2973,0.0
2974,0.0
2975,0.0
2976,0.0
2977,0.0
2978,0.0
2979,0.0
2980,0.0
2981,0.0
2982,0.0
2983,7.337
2984,37.253
2985,160.4
2986,182.346
2987,206.332
2988,484.702
2989,759.886
2990,746.528
2991,690.635
2992,593.755
2993,451.221
2994,282.821
2995,106.766
2996,2.305
2997,0.0
2998,0.0
2999,0.0
3000,0.0
3001,0.0
3002,0.0
3003,0.0
3004,0.0
3005,0.0
3006,0.0
3007,44.148
3008,200.207
3009,380.783
3010,523.398
3011,626.633
3012,686.841
3013,706.385
3014,684.549
3015,628.266
3016,368.445
3017,326.248
3018,207.644
3019,99.504
3020,2.117
3021,0.0
3022,0.0
3023,0.0
3024,0.0
3025,0.0
3026,0.0
3027,0.0
3028,0.0
3029,0.0
3030,0.0
3031,17.035
3032,64.136
3033,194.518
3034,255.316
3035,207.69
3036,273.013
3037,407.612
3038,130.117
3039,483.824
3040,534.47
3041,218.769
3042,101.059
3043,43.123
3044,0.0
3045,0.0
3046,0.0
3047,0.0
3048,0.0
3049,0.0
3050,0.0
3051,0.0
3052,0.0
3053,0.0
3054,0.0
3055,20.069
3056,70.64
3057,314.532
3058,118.989
3059,295.12
3060,115.285
3061,215.198
3062,622.687
3063,545.76
3064,534.057
3065,409.061
3066,240.422
3067,98.106
3068,3.039
3069,0.0
3070,0.0
3071,0.0
3072,0.0
3073,0.0
3074,0.0
3075,0.0
3076,0.0
3077,0.0
3078,0.0
3079,17.715
3080,70.715
3081,163.878
3082,42.824
3083,29.568
3084,103.669
3085,112.195
3086,285.488
3087,306.063
3088,199.054
3089,203.796
3090,99.141
3091,44.369
3092,0.0
3093,0.0
3094,0.0
3095,0.0
3096,0.0
3097,0.0
3098,0.0
3099,0.0
3100,0.0
3101,0.0
3102,0.0
3103,0.682
3104,10.191
3105,127.963
3106,211.757
3107,429.099
3108,427.848
3109,642.206
3110,526.624
3111,338.797
3112,251.169
3113,383.727
3114,215.134
3115,90.157
3116,4.272
3117,0.0
3118,0.0
3119,0.0
3120,0.0
3121,0.0
3122,0.0
3123,0.0
3124,0.0
3125,0.0
3126,0.0
3127,49.016
3128,202.271
3129,118.049
3130,161.679
3131,504.584
3132,524.02
3133,582.219
3134,552.273
3135,631.883
3136,507.754
3137,394.8
3138,213.877
3139,90.144
3140,4.906
3141,0.0
3142,0.0
3143,0.0
3144,0.0
3145,0.0
3146,0.0
3147,0.0
3148,0.0
3149,0.0
3150,0.0
3151,50.247
3152,145.868
3153,300.094
3154,379.663
3155,358.0
3156,332.428
3157,199.503
3158,102.582
3159,94.666
3160,93.27
3161,170.407
3162,77.416
3163,36.417
3164,0.0
3165,0.0
3166,0.0
3167,0.0
3168,0.0
3169,0.0
3170,0.0
3171,0.0
3172,0.0
3173,0.0
3174,0.0
3175,55.204
3176,218.759
3177,402.562
3178,549.851
3179,658.936
3180,728.007
3181,753.821
3182,735.037
3183,675.511
3184,581.653
3185,456.523
3186,206.941
3187,90.833
3188,6.151
3189,0.0
3190,0.0
3191,0.0
3192,0.0
3193,0.0
3194,0.0
3195,0.0
3196,0.0
3197,0.0
3198,0.0
3199,11.405
3200,37.68
3201,91.31
3202,143.908
3203,133.399
3204,103.455
3205,216.987
3206,205.925
3207,299.095
3208,128.603
3209,152.235
3210,170.904
3211,79.289
3212,5.859
3213,0.0
3214,0.0
3215,0.0
3216,0.0
3217,0.0
3218,0.0
3219,0.0
3220,0.0
3221,0.0
3222,0.0
3223,59.918
3224,233.565
3225,425.783
3226,577.328
3227,693.555
3228,772.6
3229,717.55
3230,715.667
3231,720.323
3232,621.882
3233,485.537
3234,314.772
3235,129.571
3236,7.764
3237,0.0
3238,0.0
3239,0.0
3240,0.0
3241,0.0
3242,0.0
3243,0.0
3244,0.0
3245,0.0
3246,0.0
3247,61.599
3248,226.88
3249,407.426
3250,553.146
3251,664.809
3252,729.463
3253,681.298
3254,660.33
3255,468.764
3256,420.556
3257,268.28
3258,130.64
3259,63.049
3260,5.247
3261,0.0
3262,0.0
3263,0.0
3264,0.0
3265,0.0
3266,0.0
3267,0.0
3268,0.0
3269,0.0
3270,0.0
3271,30.835
3272,91.63
3273,118.136
3274,308.77
3275,228.112
3276,261.715
3277,285.479
3278,365.719
3279,364.84
3280,195.598
3281,103.513
3282,35.366
3283,14.957
3284,0.0
3285,0.0
3286,0.0
3287,0.0
3288,0.0
3289,0.0
3290,0.0
3291,0.0
3292,0.0
3293,0.0
3294,0.0
3295,64.47
3296,214.724
3297,385.482
3298,528.824
3299,635.979
3300,706.299
3301,735.634
3302,715.89
3303,663.421
3304,193.769
3305,332.329
3306,234.075
3307,126.217
3308,13.067
3309,0.0
3310,0.0
3311,0.0
3312,0.0
3313,0.0
3314,0.0
3315,0.0
3316,0.0
3317,0.0
3318,0.0
3319,64.142
3320,225.658
3321,396.761
3322,533.281
3323,636.144
3324,699.435
3325,728.617
3326,715.545
3327,667.835
3328,582.408
3329,460.558
3330,302.186
3331,128.794
3332,12.437
3333,0.0
3334,0.0
3335,0.0
3336,0.0
3337,0.0
3338,0.0
3339,0.0
3340,0.0
3341,0.0
3342,0.0
3343,56.206
3344,176.41
3345,140.466
3346,414.264
3347,510.745
3348,293.422
3349,386.211
3350,307.622
3351,185.023
3352,145.102
3353,91.165
3354,1.42
3355,0.0
3356,0.0
3357,0.0
3358,0.0
3359,0.0
3360,0.0
3361,0.0
3362,0.0
3363,0.0
3364,0.0
3365,0.0
3366,0.0
3367,48.566
3368,141.168
3369,321.285
3370,526.011
3371,633.017
3372,638.659
3373,731.902
3374,720.969
3375,558.022
3376,579.994
3377,454.895
3378,298.303
3379,129.667
3380,15.251
3381,0.0
3382,0.0
3383,0.0
3384,0.0
3385,0.0
3386,0.0
3387,0.0
3388,0.0
3389,0.0
3390,0.0
3391,64.65
3392,221.126
3393,389.883
3394,525.148
3395,628.962
3396,694.204
3397,724.218
3398,716.188
3399,666.759
3400,582.002
3401,459.88
3402,303.125
3403,131.392
3404,13.603
3405,0.0
3406,0.0
3407,0.0
3408,0.0
3409,0.0
3410,0.0
3411,0.0
3412,0.0
3413,0.0
3414,0.0
3415,67.306
3416,236.209
3417,411.883
3418,543.679
3419,643.141
3420,711.663
3421,739.283
3422,729.501
3423,680.101
3424,590.735
3425,468.989
3426,311.894
3427,136.156
3428,14.86
3429,0.0
3430,0.0
3431,0.0
3432,0.0
3433,0.0
3434,0.0
3435,0.0
3436,0.0
3437,0.0
3438,0.0
3439,64.186
3440,206.83
3441,392.962
3442,524.429
3443,626.498
3444,630.717
3445,722.138
3446,706.692
3447,660.318
3448,574.908
3449,451.215
3450,295.698
3451,129.307
3452,16.17
3453,0.0
3454,0.0
3455,0.0
3456,0.0
3457,0.0
3458,0.0
3459,0.0
3460,0.0
3461,0.0
3462,0.0
3463,64.107
3464,199.59
3465,350.452
3466,482.802
3467,591.746
3468,666.349
3469,698.146
3470,571.469
3471,557.325
3472,471.435
3473,376.796
3474,284.811
3475,125.905
3476,16.576
3477,0.0
3478,0.0
3479,0.0
3480,0.0
3481,0.0
3482,0.0
3483,0.0
3484,0.0
3485,0.0
3486,0.0
3487,63.855
3488,153.27
3489,71.209
3490,15.849
3491,68.618
3492,112.136
3493,507.441
3494,688.618
3495,568.309
3496,551.825
3497,308.82
3498,204.814
3499,99.627
3500,16.771
3501,0.0
3502,0.0
3503,0.0
3504,0.0
3505,0.0
3506,0.0
3507,0.0
3508,0.0
3509,0.0
3510,0.0
3511,59.159
3512,179.69
3513,370.546
3514,362.251
3515,217.749
3516,665.047
3517,543.338
3518,329.494
3519,441.829
3520,433.84
3521,354.103
3522,274.588
3523,126.642
3524,19.753
3525,0.0
3526,0.0
3527,0.0
3528,0.0
3529,0.0
3530,0.0
3531,0.0
3532,0.0
3533,0.0
3534,0.0
3535,19.248
3536,55.948
3537,74.53
3538,244.536
3539,219.932
3540,582.783
3541,553.888
3542,588.342
3543,423.472
3544,154.548
3545,305.438
3546,287.931
3547,129.77
3548,19.479
3549,0.0
3550,0.0
3551,0.0
3552,0.0
3553,0.0
3554,0.0
3555,0.0
3556,0.0
3557,0.0
3558,0.0
3559,65.524
3560,214.091
3561,376.371
3562,510.082
3563,614.99
3564,685.568
3565,715.89
3566,697.523
3567,651.718
3568,563.187
3569,444.603
3570,297.148
3571,135.187
3572,19.588
3573,0.0
3574,0.0
3575,0.0
3576,0.0
3577,0.0
3578,0.0
3579,0.0
3580,0.0
3581,0.0
3582,0.0
3583,63.439
3584,204.398
3585,377.593
3586,500.086
3587,597.894
3588,663.453
3589,686.433
3590,678.425
3591,543.699
3592,442.531
3593,393.449
3594,258.368
3595,121.564
3596,20.762
3597,0.0
3598,0.0
3599,0.0
3600,0.0
3601,0.0
3602,0.0
3603,0.0
3604,0.0
3605,0.0
3606,0.0
3607,48.455
3608,165.753
3609,317.451
3610,427.536
3611,595.366
3612,658.767
3613,584.615
3614,516.485
3615,539.562
3616,489.751
3617,293.695
3618,168.587
3619,133.311
3620,22.36
3621,0.0
3622,0.0
3623,0.0
3624,0.0
3625,0.0
3626,0.0
3627,0.0
3628,0.0
3629,0.0
3630,0.0
3631,0.0
3632,2.101
3633,9.605
3634,15.693
3635,11.153
3636,16.832
3637,17.209
3638,10.197
3639,16.51
3640,15.671
3641,13.645
3642,7.787
3643,1.118
3644,0.0
3645,0.0
3646,0.0
3647,0.0
3648,0.0
3649,0.0
3650,0.0
3651,0.0
3652,0.0
3653,0.0
3654,0.0
3655,4.957
3656,0.0
3657,1.794
3658,1.456
3659,8.514
3660,16.317
3661,6.669
3662,15.939
3663,10.033
3664,10.67
3665,10.141
3666,5.85
3667,6.691
3668,0.0
3669,0.0
3670,0.0
3671,0.0
3672,0.0
3673,0.0
3674,0.0
3675,0.0
3676,0.0
3677,0.0
3678,0.0
3679,5.754
3680,10.016
3681,15.216
3682,20.628
3683,24.897
3684,28.379
3685,28.924
3686,28.956
3687,25.406
3688,22.875
3689,17.114
3690,11.813
3691,7.691
3692,0.761
3693,0.0
3694,0.0
3695,0.0
3696,0.0
3697,0.0
3698,0.0
3699,0.0
3700,0.0
3701,0.0
3702,0.0
3703,5.253
3704,9.334
3705,14.447
3706,19.684
3707,22.666
3708,24.157
3709,25.201
3710,26.098
3711,22.981
3712,20.702
3713,14.436
3714,7.84
3715,2.635
3716,0.0
3717,0.0
3718,0.0
3719,0.0
3720,0.0
3721,0.0
3722,0.0
3723,0.0
3724,0.0
3725,0.0
3726,0.0
3727,3.083
3728,9.51
3729,14.037
3730,19.223
3731,23.214
3732,26.473
3733,26.929
3734,24.646
3735,19.718
3736,18.84
3737,13.056
3738,11.027
3739,6.217
3740,0.0
3741,0.0
3742,0.0
3743,0.0
3744,0.0
3745,0.0
3746,0.0
3747,0.0
3748,0.0
3749,0.0
3750,0.0
3751,1.727
3752,8.551
3753,11.524
3754,18.491
3755,22.251
3756,25.396
3757,26.554
3758,25.894
3759,22.828
3760,19.79
3761,15.38
3762,10.806
3763,5.731
3764,0.0
3765,0.0
3766,0.0
3767,0.0
3768,0.0
3769,0.0
3770,0.0
3771,0.0
3772,0.0
3773,0.0
3774,0.0
3775,1.296
3776,8.201
3777,11.559
3778,15.133
3779,12.993
3780,10.258
3781,15.782
3782,21.829
3783,11.349
3784,10.503
3785,2.082
3786,0.0
3787,0.0
3788,0.0
3789,0.0
3790,0.0
3791,0.0
3792,0.0
3793,0.0
3794,0.0
3795,0.0
3796,0.0
3797,0.0
3798,0.0
3799,4.535
3800,9.004
3801,13.573
3802,18.685
3803,22.563
3804,25.766
3805,22.354
3806,21.826
3807,21.053
3808,18.091
3809,14.451
3810,11.1
3811,6.252
3812,0.0
3813,0.0
3814,0.0
3815,0.0
3816,0.0
3817,0.0
3818,0.0
3819,0.0
3820,0.0
3821,0.0
3822,0.0
3823,3.058
3824,4.723
3825,13.3
3826,15.614
3827,17.552
3828,21.09
3829,21.964
3830,18.909
3831,19.962
3832,9.089
3833,13.181
3834,7.0
3835,0.0
3836,0.0
3837,0.0
3838,0.0
3839,0.0
3840,0.0
3841,0.0
3842,0.0
3843,0.0
3844,0.0
3845,0.0
3846,0.0
3847,4.108
3848,8.554
3849,13.058
3850,18.125
3851,17.339
3852,25.431
3853,21.114
3854,26.359
3855,20.289
3856,20.277
3857,15.791
3858,2.765
3859,0.0
3860,0.23
3861,0.0
3862,0.0
3863,0.0
3864,0.0
3865,0.0
3866,0.0
3867,0.0
3868,0.0
3869,0.0
3870,0.0
3871,4.629
3872,8.901
3873,13.388
3874,16.533
3875,22.1
3876,25.195
3877,26.193
3878,25.474
3879,16.693
3880,6.625
3881,9.728
3882,0.0
3883,4.702
3884,0.0
3885,0.0
3886,0.0
3887,0.0
3888,0.0
3889,0.0
3890,0.0
3891,0.0
3892,0.0
3893,0.0
3894,0.0
3895,2.412
3896,0.0
3897,10.218
3898,16.533
3899,12.429
3900,21.0
3901,8.494
3902,21.869
3903,17.215
3904,2.201
3905,15.211
3906,10.394
3907,5.087
3908,0.0
3909,0.0
3910,0.0
3911,0.0
3912,0.0
3913,0.0
3914,0.0
3915,0.0
3916,0.0
3917,0.0
3918,0.0
3919,0.0
3920,0.251
3921,2.347
3922,13.52
3923,23.23
3924,25.374
3925,27.719
3926,27.325
3927,24.403
3928,21.315
3929,17.483
3930,12.144
3931,7.933
3932,1.67
3933,0.0
3934,0.0
3935,0.0
3936,0.0
3937,0.0
3938,0.0
3939,0.0
3940,0.0
3941,0.0
3942,0.0
3943,5.9
3944,9.971
3945,14.253
3946,18.532
3947,23.189
3948,25.266
3949,27.546
3950,27.007
3951,24.44
3952,20.624
3953,14.077
3954,10.95
3955,7.253
3956,0.445
3957,0.0
3958,0.0
3959,0.0
3960,0.0
3961,0.0
3962,0.0
3963,0.0
3964,0.0
3965,0.0
3966,0.0
3967,0.0
3968,5.336
3969,9.587
3970,9.053
3971,18.762
3972,11.104
3973,9.478
3974,11.235
3975,2.92
3976,7.469
3977,11.789
3978,10.254
3979,5.243
3980,0.0
3981,0.0
3982,0.0
3983,0.0
3984,0.0
3985,0.0
3986,0.0
3987,0.0
3988,0.0
3989,0.0
3990,0.0
3991,0.0
3992,5.706
3993,11.137
3994,12.447
3995,9.006
3996,15.494
3997,18.41
3998,23.253
3999,11.318
4000,17.96
4001,15.558
4002,10.499
4003,5.714
4004,0.0
4005,0.0
4006,0.0
4007,0.0
4008,0.0
4009,0.0
4010,0.0
4011,0.0
4012,0.0
4013,0.0
4014,0.0
4015,0.0
4016,4.36
4017,13.297
4018,15.547
4019,19.725
4020,20.449
4021,21.781
4022,21.284
4023,20.829
4024,15.142
4025,12.694
4026,3.122
4027,0.0
4028,0.0
4029,0.0
4030,0.0
4031,0.0
4032,0.0
4033,0.0
4034,0.0
4035,0.0
4036,0.0
4037,0.0
4038,0.0
4039,4.046
4040,2.836
4041,8.503
4042,17.26
4043,21.794
4044,23.999
4045,26.276
4046,25.72
4047,23.34
4048,19.839
4049,16.149
4050,11.166
4051,6.921
4052,0.839
4053,0.0
4054,0.0
4055,0.0
4056,0.0
4057,0.0
4058,0.0
4059,0.0
4060,0.0
4061,0.0
4062,0.0
4063,5.029
4064,9.124
4065,13.617
4066,17.97
4067,22.751
4068,24.929
4069,27.297
4070,26.791
4071,24.375
4072,20.507
4073,16.731
4074,11.839
4075,7.408
4076,1.153
4077,0.0
4078,0.0
4079,0.0
4080,0.0
4081,0.0
4082,0.0
4083,0.0
4084,0.0
4085,0.0
4086,0.0
4087,3.609
4088,8.297
4089,12.09
4090,15.63
4091,20.934
4092,9.562
4093,20.36
4094,22.825
4095,23.023
4096,19.449
4097,15.944
4098,10.888
4099,6.72
4100,0.781
4101,0.0
4102,0.0
4103,0.0
4104,0.0
4105,0.0
4106,0.0
4107,0.0
4108,0.0
4109,0.0
4110,0.0
4111,4.222
4112,8.789
4113,12.749
4114,16.954
4115,21.211
4116,23.081
4117,23.945
4118,21.083
4119,19.829
4120,16.824
4121,10.57
4122,0.0
4123,0.0
4124,0.0
4125,0.0
4126,0.0
4127,0.0
4128,0.0
4129,0.0
4130,0.0
4131,0.0
4132,0.0
4133,0.0
4134,0.0
4135,0.957
4136,5.926
4137,9.029
4138,15.08
4139,16.942
4140,17.341
4141,13.74
4142,4.398
4143,17.672
4144,3.671
4145,4.85
4146,5.118
4147,2.746
4148,0.0
4149,0.0
4150,0.0
4151,0.0
4152,0.0
4153,0.0
4154,0.0
4155,0.0
4156,0.0
4157,0.0
4158,0.0
4159,0.0
4160,5.509
4161,12.064
4162,16.452
4163,21.158
4164,23.195
4165,25.379
4166,20.598
4167,22.952
4168,19.511
4169,15.272
4170,8.894
4171,6.213
4172,0.0
4173,0.0
4174,0.0
4175,0.0
4176,0.0
4177,0.0
4178,0.0
4179,0.0
4180,0.0
4181,0.0
4182,0.0
4183,0.0
4184,4.924
4185,10.813
4186,14.613
4187,14.033
4188,18.864
4189,21.332
4190,23.072
4191,22.026
4192,19.122
4193,15.184
4194,7.225
4195,2.724
4196,0.0
4197,0.0
4198,0.0
4199,0.0
4200,0.0
4201,0.0
4202,0.0
4203,0.0
4204,0.0
4205,0.0
4206,0.0
4207,2.289
4208,0.091
4209,10.338
4210,7.114
4211,20.892
4212,22.944
4213,25.138
4214,24.854
4215,22.09
4216,16.115
4217,9.294
4218,4.595
4219,0.0
4220,0.0
4221,0.0
4222,0.0
4223,0.0
4224,0.0
4225,0.0
4226,0.0
4227,0.0
4228,0.0
4229,0.0
4230,0.0
4231,2.363
4232,7.101
4233,3.688
4234,4.062
4235,15.987
4236,19.543
4237,0.126
4238,6.186
4239,9.99
4240,10.027
4241,10.27
4242,8.234
4243,2.537
4244,0.0
4245,0.0
4246,0.0
4247,0.0
4248,0.0
4249,0.0
4250,0.0
4251,0.0
4252,0.0
4253,0.0
4254,0.0
4255,1.987
4256,8.465
4257,13.003
4258,17.3
4259,22.161
4260,24.38
4261,23.458
4262,26.317
4263,23.031
4264,20.323
4265,16.076
4266,11.461
4267,7.338
4268,1.567
4269,0.0
4270,0.0
4271,0.0
4272,0.0
4273,0.0
4274,0.0
4275,0.0
4276,0.0
4277,0.0
4278,0.0
4279,5.278
4280,9.454
4281,13.594
4282,18.14
4283,22.991
4284,25.22
4285,27.883
4286,27.572
4287,24.519
4288,21.436
4289,16.797
4290,11.432
4291,0.0
4292,0.0
4293,0.0
4294,0.0
4295,0.0
4296,0.0
4297,0.0
4298,0.0
4299,0.0
4300,0.0
4301,0.0
4302,0.0
4303,0.0
4304,1.838
4305,5.842
4306,3.836
4307,9.01
4308,16.21
4309,4.514
4310,3.477
4311,5.924
4312,11.547
4313,8.324
4314,0.042
4315,4.087
4316,0.0
4317,0.0
4318,0.0
4319,0.0
4320,0.0
4321,0.0
4322,0.0
4323,0.0
4324,0.0
4325,0.0
4326,0.0
4327,0.0
4328,5.147
4329,3.094
4330,0.0
4331,0.0
4332,10.276
4333,19.194
4334,16.652
4335,24.49
4336,19.187
4337,11.77
4338,5.533
4339,3.235
4340,1.659
4341,0.0
4342,0.0
4343,0.0
4344,0.0
4345,0.0
4346,0.0
4347,0.0
4348,0.0
4349,0.0
4350,0.0
4351,25.465
4352,82.493
4353,146.421
4354,197.914
4355,241.696
4356,271.496
4357,284.122
4358,277.79
4359,257.667
4360,223.48
4361,176.54
4362,120.796
4363,59.737
4364,12.551
4365,0.0
4366,0.0
4367,0.0
4368,0.0
4369,0.0
4370,0.0
4371,0.0
4372,0.0
4373,0.0
4374,0.0
4375,23.791
4376,77.098
4377,137.322
4378,188.634
4379,230.599
4380,256.876
4381,268.916
4382,245.897
4383,201.744
4384,161.059
4385,124.42
4386,37.661
4387,53.629
4388,10.176
4389,0.0
4390,0.0
4391,0.0
4392,0.0
4393,0.0
4394,0.0
4395,0.0
4396,0.0
4397,0.0
4398,0.0
4399,0.0
4400,2.159
4401,5.157
4402,109.174
4403,132.573
4404,206.189
4405,247.125
4406,208.311
4407,162.362
4408,158.69
4409,127.924
4410,92.909
4411,47.951
4412,12.067
4413,0.0
4414,0.0
4415,0.0
4416,0.0
4417,0.0
4418,0.0
4419,0.0
4420,0.0
4421,0.0
4422,0.0
4423,11.697
4424,49.329
4425,29.379
4426,115.932
4427,194.504
4428,136.802
4429,201.684
4430,169.828
4431,145.947
4432,146.903
4433,154.126
4434,98.87
4435,51.469
4436,12.541
4437,0.0
4438,0.0
4439,0.0
4440,0.0
4441,0.0
4442,0.0
4443,0.0
4444,0.0
4445,0.0
4446,0.0
4447,14.254
4448,75.859
4449,138.966
4450,194.419
4451,239.12
4452,269.57
4453,282.055
4454,279.578
4455,259.859
4456,226.097
4457,177.979
4458,122.292
4459,61.05
4460,12.23
4461,0.0
4462,0.0
4463,0.0
4464,0.0
4465,0.0
4466,0.0
4467,0.0
4468,0.0
4469,0.0
4470,0.0
4471,22.639
4472,75.38
4473,136.159
4474,188.166
4475,230.319
4476,208.338
4477,216.648
4478,271.901
4479,252.3
4480,219.856
4481,174.001
4482,119.287
4483,58.654
4484,12.122
4485,0.0
4486,0.0
4487,0.0
4488,0.0
4489,0.0
4490,0.0
4491,0.0
4492,0.0
4493,0.0
4494,0.0
4495,0.0
4496,0.969
4497,13.399
4498,85.437
4499,84.989
4500,127.328
4501,132.297
4502,158.777
4503,230.932
4504,163.447
4505,116.433
4506,112.971
4507,56.148
4508,6.244
4509,0.0
4510,0.0
4511,0.0
4512,0.0
4513,0.0
4514,0.0
4515,0.0
4516,0.0
4517,0.0
4518,0.0
4519,8.213
4520,57.787
4521,64.718
4522,137.195
4523,177.848
4524,132.286
4525,266.006
4526,175.979
4527,167.949
4528,68.004
4529,171.938
4530,99.318
4531,0.338
4532,2.036
4533,0.0
4534,0.0
4535,0.0
4536,0.0
4537,0.0
4538,0.0
4539,0.0
4540,0.0
4541,0.0
4542,0.0
4543,18.588
4544,39.448
4545,89.373
4546,194.516
4547,240.22
4548,272.186
4549,286.485
4550,284.303
4551,265.224
4552,229.804
4553,182.476
4554,112.251
4555,60.861
4556,10.209
4557,0.0
4558,0.0
4559,0.0
4560,0.0
4561,0.0
4562,0.0
4563,0.0
4564,0.0
4565,0.0
4566,0.0
4567,20.646
4568,73.36
4569,134.66
4570,188.213
4571,212.878
4572,259.219
4573,271.389
4574,269.572
4575,251.734
4576,216.852
4577,170.468
4578,105.816
4579,55.19
4580,11.522
4581,0.0
4582,0.0
4583,0.0
4584,0.0
4585,0.0
4586,0.0
4587,0.0
4588,0.0
4589,0.0
4590,0.0
4591,16.495
4592,60.984
4593,132.271
4594,184.562
4595,227.25
4596,256.638
4597,269.548
4598,266.036
4599,166.086
4600,213.722
4601,3.373
4602,39.283
4603,27.636
4604,4.939
4605,0.0
4606,0.0
4607,0.0
4608,0.0
4609,0.0
4610,0.0
4611,0.0
4612,0.0
4613,0.0
4614,0.0
4615,7.45
4616,29.709
4617,0.879
4618,95.813
4619,184.287
4620,255.655
4621,268.501
4622,264.784
4623,245.806
4624,210.798
4625,143.812
4626,34.931
4627,1.666
4628,0.0
4629,0.0
4630,0.0
4631,0.0
4632,0.0
4633,0.0
4634,0.0
4635,0.0
4636,0.0
4637,0.0
4638,0.0
4639,21.434
4640,79.903
4641,146.052
4642,201.081
4643,245.538
4644,276.621
4645,291.176
4646,289.869
4647,271.281
4648,235.449
4649,187.317
4650,128.54
4651,62.259
4652,11.018
4653,0.0
4654,0.0
4655,0.0
4656,0.0
4657,0.0
4658,0.0
4659,0.0
4660,0.0
4661,0.0
4662,0.0
4663,20.408
4664,76.823
4665,142.06
4666,196.731
4667,240.642
4668,270.235
4669,282.845
4670,280.426
4671,169.675
4672,226.85
4673,179.157
4674,123.415
4675,59.936
4676,10.218
4677,0.0
4678,0.0
4679,0.0
4680,0.0
4681,0.0
4682,0.0
4683,0.0
4684,0.0
4685,0.0
4686,0.0
4687,19.252
4688,73.483
4689,137.536
4690,190.058
4691,230.957
4692,259.252
4693,273.685
4694,269.242
4695,251.191
4696,217.737
4697,171.995
4698,117.436
4699,56.791
4700,10.015
4701,0.0
4702,0.0
4703,0.0
4704,0.0
4705,0.0
4706,0.0
4707,0.0
4708,0.0
4709,0.0
4710,0.0
4711,18.294
4712,56.068
4713,130.21
4714,169.383
4715,226.015
4716,255.334
4717,268.559
4718,236.206
4719,213.511
4720,210.118
4721,165.215
4722,111.597
4723,54.33
4724,9.956
4725,0.0
4726,0.0
4727,0.0
4728,0.0
4729,0.0
4730,0.0
4731,0.0
4732,0.0
4733,0.0
4734,0.0
4735,18.088
4736,67.651
4737,128.246
4738,180.736
4739,222.291
4740,252.305
4741,265.982
4742,259.613
4743,242.979
4744,210.08
4745,166.192
4746,112.188
4747,54.992
4748,9.845
4749,0.0
4750,0.0
4751,0.0
4752,0.0
4753,0.0
4754,0.0
4755,0.0
4756,0.0
4757,0.0
4758,0.0
4759,11.822
4760,68.553
4761,130.445
4762,182.42
4763,226.298
4764,255.993
4765,270.185
4766,265.047
4767,245.607
4768,210.851
4769,167.313
4770,86.337
4771,42.087
4772,9.242
4773,0.0
4774,0.0
4775,0.0
4776,0.0
4777,0.0
4778,0.0
4779,0.0
4780,0.0
4781,0.0
4782,0.0
4783,16.704
4784,8.512
4785,20.158
4786,60.889
4787,72.499
4788,117.912
4789,54.362
4790,106.738
4791,180.615
4792,162.485
4793,159.062
4794,105.126
4795,50.149
4796,7.009
4797,0.0
4798,0.0
4799,0.0
4800,0.0
4801,0.0
4802,0.0
4803,0.0
4804,0.0
4805,0.0
4806,0.0
4807,16.121
4808,64.664
4809,125.808
4810,179.285
4811,50.688
4812,28.199
4813,100.792
4814,227.66
4815,245.163
4816,67.022
4817,19.212
4818,66.14
4819,52.735
4820,8.667
4821,0.0
4822,0.0
4823,0.0
4824,0.0
4825,0.0
4826,0.0
4827,0.0
4828,0.0
4829,0.0
4830,0.0
4831,13.278
4832,35.679
4833,10.424
4834,17.417
4835,88.2
4836,167.386
4837,212.095
4838,232.968
4839,239.422
4840,205.395
4841,160.852
4842,107.004
4843,50.549
4844,7.813
4845,0.0
4846,0.0
4847,0.0
4848,0.0
4849,0.0
4850,0.0
4851,0.0
4852,0.0
4853,0.0
4854,0.0
4855,5.567
4856,26.043
4857,56.924
4858,146.738
4859,170.742
4860,172.818
4861,127.911
4862,236.338
4863,210.935
4864,174.644
4865,161.935
4866,117.435
4867,55.783
4868,8.277
4869,0.0
4870,0.0
4871,0.0
4872,0.0
4873,0.0
4874,0.0
4875,0.0
4876,0.0
4877,0.0
4878,0.0
4879,16.077
4880,72.321
4881,140.283
4882,196.829
4883,241.881
4884,271.644
4885,287.25
4886,284.325
4887,264.31
4888,228.788
4889,182.382
4890,123.371
4891,57.837
4892,8.23
4893,0.0
4894,0.0
4895,0.0
4896,0.0
4897,0.0
4898,0.0
4899,0.0
4900,0.0
4901,0.0
4902,0.0
4903,16.136
4904,72.002
4905,119.495
4906,152.591
4907,192.944
4908,212.391
4909,190.44
4910,260.439
4911,226.315
4912,183.83
4913,178.005
4914,119.841
4915,55.928
4916,7.642
4917,0.0
4918,0.0
4919,0.0
4920,0.0
4921,0.0
4922,0.0
4923,0.0
4924,0.0
4925,0.0
4926,0.0
4927,3.959
4928,15.098
4929,55.467
4930,109.953
4931,150.073
4932,257.839
4933,271.078
4934,268.085
4935,247.962
4936,213.062
4937,98.207
4938,22.387
4939,26.151
4940,6.626
4941,0.0
4942,0.0
4943,0.0
4944,0.0
4945,0.0
4946,0.0
4947,0.0
4948,0.0
4949,0.0
4950,0.0
4951,13.596
4952,60.933
4953,120.202
4954,175.625
4955,156.636
4956,256.559
4957,273.755
4958,272.569
4959,253.475
4960,185.878
4961,152.929
4962,96.634
4963,34.901
4964,6.233
4965,0.0
4966,0.0
4967,0.0
4968,0.0
4969,0.0
4970,0.0
4971,0.0
4972,0.0
4973,0.0
4974,0.0
4975,13.48
4976,64.246
4977,128.328
4978,182.73
4979,224.021
4980,252.304
4981,265.192
4982,260.638
4983,90.799
4984,116.428
4985,113.828
4986,108.195
4987,49.048
4988,5.689
4989,0.0
4990,0.0
4991,0.0
4992,0.0
4993,0.0
4994,0.0
4995,0.0
4996,0.0
4997,0.0
4998,0.0
4999,9.136
5000,50.583
5001,92.985
5002,144.208
5003,164.426
5004,144.474
5005,174.936
5006,125.808
5007,249.952
5008,216.122
5009,169.643
5010,112.036
5011,50.301
5012,5.276
5013,0.0
5014,0.0
5015,0.0
5016,0.0
5017,0.0
5018,0.0
5019,0.0
5020,0.0
5021,0.0
5022,0.0
5023,11.412
5024,63.281
5025,126.9
5026,182.921
5027,225.377
5028,254.31
5029,194.758
5030,263.457
5031,201.238
5032,152.807
5033,126.509
5034,104.501
5035,33.049
5036,0.422
5037,0.0
5038,0.0
5039,0.0
5040,0.0
5041,0.0
5042,0.0
5043,0.0
5044,0.0
5045,0.0
5046,0.0
5047,7.344
5048,27.713
5049,84.117
5050,92.118
5051,136.55
5052,127.829
5053,160.071
5054,179.061
5055,186.384
5056,191.524
5057,143.699
5058,90.525
5059,43.024
5060,4.083
5061,0.0
5062,0.0
5063,0.0
5064,0.0
5065,0.0
5066,0.0
5067,0.0
5068,0.0
5069,0.0
5070,0.0
5071,11.523
5072,61.59
5073,52.738
5074,65.021
5075,111.411
5076,194.216
5077,268.356
5078,263.631
5079,244.408
5080,178.433
5081,127.414
5082,84.672
5083,44.902
5084,3.702
5085,0.0
5086,0.0
5087,0.0
5088,0.0
5089,0.0
5090,0.0
5091,0.0
5092,0.0
5093,0.0
5094,0.0
5095,29.649
5096,154.141
5097,309.961
5098,441.318
5099,532.248
5100,569.611
5101,584.047
5102,576.723
5103,502.804
5104,462.692
5105,405.292
5106,221.922
5107,104.313
5108,12.746
5109,0.0
5110,0.0
5111,0.0
5112,0.0
5113,0.0
5114,0.0
5115,0.0
5116,0.0
5117,0.0
5118,0.0
5119,0.826
5120,9.118
5121,81.387
5122,300.882
5123,443.622
5124,547.269
5125,611.783
5126,613.582
5127,372.899
5128,231.055
5129,139.102
5130,94.082
5131,113.943
5132,11.697
5133,0.0
5134,0.0
5135,0.0
5136,0.0
5137,0.0
5138,0.0
5139,0.0
5140,0.0
5141,0.0
5142,0.0
5143,17.396
5144,88.01
5145,278.81
5146,394.484
5147,478.701
5148,547.957
5149,577.249
5150,573.009
5151,536.458
5152,339.797
5153,369.058
5154,244.346
5155,108.793
5156,9.227
5157,0.0
5158,0.0
5159,0.0
5160,0.0
5161,0.0
5162,0.0
5163,0.0
5164,0.0
5165,0.0
5166,0.0
5167,18.286
5168,108.121
5169,231.38
5170,401.929
5171,445.784
5172,526.905
5173,535.391
5174,568.65
5175,529.428
5176,453.863
5177,344.554
5178,185.505
5179,101.089
5180,6.183
5181,0.0
5182,0.0
5183,0.0
5184,0.0
5185,0.0
5186,0.0
5187,0.0
5188,0.0
5189,0.0
5190,0.0
5191,24.071
5192,104.037
5193,225.489
5194,236.539
5195,233.997
5196,367.788
5197,455.614
5198,447.118
5199,569.223
5200,374.096
5201,133.876
5202,200.642
5203,107.497
5204,6.542
5205,0.0
5206,0.0
5207,0.0
5208,0.0
5209,0.0
5210,0.0
5211,0.0
5212,0.0
5213,0.0
5214,0.0
5215,26.022
5216,157.032
5217,328.707
5218,472.656
5219,585.033
5220,661.644
5221,593.85
5222,693.23
5223,648.06
5224,567.545
5225,450.959
5226,297.185
5227,109.174
5228,5.98
5229,0.0
5230,0.0
5231,0.0
5232,0.0
5233,0.0
5234,0.0
5235,0.0
5236,0.0
5237,0.0
5238,0.0
5239,25.162
5240,163.911
5241,341.79
5242,482.724
5243,589.108
5244,658.626
5245,691.036
5246,684.112
5247,640.265
5248,557.545
5249,441.01
5250,290.838
5251,119.652
5252,4.908
5253,0.0
5254,0.0
5255,0.0
5256,0.0
5257,0.0
5258,0.0
5259,0.0
5260,0.0
5261,0.0
5262,0.0
5263,23.01
5264,156.304
5265,326.287
5266,464.995
5267,571.235
5268,640.004
5269,672.035
5270,662.641
5271,615.053
5272,536.61
5273,424.863
5274,278.817
5275,114.309
5276,4.186
5277,0.0
5278,0.0
5279,0.0
5280,0.0
5281,0.0
5282,0.0
5283,0.0
5284,0.0
5285,0.0
5286,0.0
5287,22.125
5288,157.257
5289,328.631
5290,465.506
5291,565.422
5292,630.426
5293,659.809
5294,649.848
5295,607.193
5296,529.65
5297,419.111
5298,275.235
5299,111.471
5300,4.15
5301,0.0
5302,0.0
5303,0.0
5304,0.0
5305,0.0
5306,0.0
5307,0.0
5308,0.0
5309,0.0
5310,0.0
5311,21.971
5312,149.53
5313,315.014
5314,448.858
5315,543.782
5316,608.743
5317,641.581
5318,628.757
5319,534.519
5320,409.068
5321,384.842
5322,247.02
5323,101.746
5324,3.015
5325,0.0
5326,0.0
5327,0.0
5328,0.0
5329,0.0
5330,0.0
5331,0.0
5332,0.0
5333,0.0
5334,0.0
5335,16.253
5336,78.492
5337,164.364
5338,213.68
5339,289.808
5340,296.655
5341,439.722
5342,458.145
5343,465.905
5344,416.684
5345,372.111
5346,191.975
5347,79.692
5348,0.671
5349,0.0
5350,0.0
5351,0.0
5352,0.0
5353,0.0
5354,0.0
5355,0.0
5356,0.0
5357,0.0
5358,0.0
5359,13.441
5360,122.965
5361,263.33
5362,389.252
5363,496.552
5364,541.325
5365,614.211
5366,358.777
5367,519.063
5368,500.128
5369,387.84
5370,213.97
5371,96.396
5372,1.724
5373,0.0
5374,0.0
5375,0.0
5376,0.0
5377,0.0
5378,0.0
5379,0.0
5380,0.0
5381,0.0
5382,0.0
5383,14.703
5384,131.343
5385,281.051
5386,147.239
5387,449.683
5388,442.392
5389,389.152
5390,554.76
5391,551.128
5392,511.466
5393,395.164
5394,246.303
5395,76.334
5396,0.253
5397,0.0
5398,0.0
5399,0.0
5400,0.0
5401,0.0
5402,0.0
5403,0.0
5404,0.0
5405,0.0
5406,0.0
5407,16.44
5408,96.483
5409,69.632
5410,41.188
5411,92.696
5412,73.608
5413,138.335
5414,342.423
5415,159.528
5416,268.169
5417,186.219
5418,15.338
5419,35.919
5420,0.0
5421,0.0
5422,0.0
5423,0.0
5424,0.0
5425,0.0
5426,0.0
5427,0.0
5428,0.0
5429,0.0
5430,0.0
5431,14.546
5432,56.869
5433,154.784
5434,347.126
5435,421.543
5436,469.223
5437,518.791
5438,517.133
5439,266.947
5440,463.802
5441,193.241
5442,195.999
5443,83.699
5444,1.599
5445,0.0
5446,0.0
5447,0.0
5448,0.0
5449,0.0
5450,0.0
5451,0.0
5452,0.0
5453,0.0
5454,0.0
5455,0.0
5456,29.061
5457,54.568
5458,121.257
5459,218.439
5460,271.889
5461,333.508
5462,431.672
5463,485.167
5464,391.578
5465,255.509
5466,132.803
5467,48.346
5468,0.0
5469,0.0
5470,0.0
5471,0.0
5472,0.0
5473,0.0
5474,0.0
5475,0.0
5476,0.0
5477,0.0
5478,0.0
5479,12.354
5480,129.988
5481,65.137
5482,289.636
5483,407.521
5484,322.211
5485,375.9
5486,443.795
5487,448.74
5488,357.844
5489,374.09
5490,225.175
5491,81.884
5492,0.0
5493,0.0
5494,0.0
5495,0.0
5496,0.0
5497,0.0
5498,0.0
5499,0.0
5500,0.0
5501,0.0
5502,0.0
5503,4.463
5504,117.137
5505,142.131
5506,220.819
5507,207.147
5508,293.195
5509,559.291
5510,572.694
5511,534.897
5512,455.35
5513,374.348
5514,215.937
5515,76.091
5516,0.0
5517,0.0
5518,0.0
5519,0.0
5520,0.0
5521,0.0
5522,0.0
5523,0.0
5524,0.0
5525,0.0
5526,0.0
5527,0.0
5528,3.789
5529,46.046
5530,66.271
5531,133.576
5532,465.116
5533,555.727
5534,516.176
5535,480.013
5536,129.23
5537,60.97
5538,104.738
5539,82.582
5540,0.0
5541,0.0
5542,0.0
5543,0.0
5544,0.0
5545,0.0
5546,0.0
5547,0.0
5548,0.0
5549,0.0
5550,0.0
5551,9.103
5552,127.635
5553,219.232
5554,399.076
5555,498.384
5556,564.211
5557,598.101
5558,578.607
5559,574.723
5560,477.967
5561,388.563
5562,222.39
5563,82.13
5564,0.0
5565,0.0
5566,0.0
5567,0.0
5568,0.0
5569,0.0
5570,0.0
5571,0.0
5572,0.0
5573,0.0
5574,0.0
5575,3.591
5576,121.138
5577,274.697
5578,406.714
5579,507.825
5580,552.677
5581,604.309
5582,548.702
5583,490.71
5584,396.304
5585,303.919
5586,197.152
5587,61.571
5588,0.0
5589,0.0
5590,0.0
5591,0.0
5592,0.0
5593,0.0
5594,0.0
5595,0.0
5596,0.0
5597,0.0
5598,0.0
5599,3.405
5600,107.054
5601,228.928
5602,347.446
5603,459.067
5604,491.271
5605,474.74
5606,542.779
5607,476.557
5608,381.571
5609,296.724
5610,126.857
5611,43.719
5612,0.0
5613,0.0
5614,0.0
5615,0.0
5616,0.0
5617,0.0
5618,0.0
5619,0.0
5620,0.0
5621,0.0
5622,0.0
5623,5.087
5624,60.333
5625,115.603
5626,240.672
5627,233.615
5628,181.467
5629,168.8
5630,584.944
5631,453.841
5632,396.303
5633,333.319
5634,199.838
5635,65.672
5636,0.0
5637,0.0
5638,0.0
5639,0.0
5640,0.0
5641,0.0
5642,0.0
5643,0.0
5644,0.0
5645,0.0
5646,0.0
5647,3.437
5648,71.307
5649,262.532
5650,296.676
5651,203.308
5652,160.249
5653,463.089
5654,468.161
5655,32.946
5656,383.286
5657,315.559
5658,216.039
5659,67.591
5660,0.0
5661,0.0
5662,0.0
5663,0.0
5664,0.0
5665,0.0
5666,0.0
5667,0.0
5668,0.0
5669,0.0
5670,0.0
5671,4.882
5672,122.373
5673,255.105
5674,381.287
5675,475.883
5676,514.445
5677,550.301
5678,549.112
5679,507.733
5680,444.884
5681,327.087
5682,195.268
5683,62.001
5684,0.0
5685,0.0
5686,0.0
5687,0.0
5688,0.0
5689,0.0
5690,0.0
5691,0.0
5692,0.0
5693,0.0
5694,0.0
5695,2.103
5696,78.656
5697,222.703
5698,281.795
5699,446.352
5700,518.99
5701,566.185
5702,591.526
5703,536.894
5704,466.688
5705,360.131
5706,155.016
5707,63.745
5708,0.0
5709,0.0
5710,0.0
5711,0.0
5712,0.0
5713,0.0
5714,0.0
5715,0.0
5716,0.0
5717,0.0
5718,0.0
5719,3.732
5720,119.689
5721,292.142
5722,438.834
5723,550.357
5724,619.981
5725,648.027
5726,555.064
5727,585.597
5728,496.615
5729,375.218
5730,216.869
5731,62.272
5732,0.0
5733,0.0
5734,0.0
5735,0.0
5736,0.0
5737,0.0
5738,0.0
5739,0.0
5740,0.0
5741,0.0
5742,0.0
5743,3.24
5744,118.422
5745,289.79
5746,438.197
5747,544.009
5748,617.402
5749,647.319
5750,637.837
5751,584.907
5752,498.036
5753,374.943
5754,215.738
5755,60.719
5756,0.0
5757,0.0
5758,0.0
5759,0.0
5760,0.0
5761,0.0
5762,0.0
5763,0.0
5764,0.0
5765,0.0
5766,0.0
5767,2.564
5768,110.854
5769,269.348
5770,412.269
5771,520.598
5772,591.515
5773,622.616
5774,607.375
5775,560.466
5776,474.397
5777,356.4
5778,202.754
5779,56.852
5780,0.0
5781,0.0
5782,0.0
5783,0.0
5784,0.0
5785,0.0
5786,0.0
5787,0.0
5788,0.0
5789,0.0
5790,0.0
5791,2.246
5792,113.956
5793,284.496
5794,432.113
5795,538.248
5796,610.229
5797,643.331
5798,627.457
5799,460.719
5800,487.534
5801,362.933
5802,205.452
5803,54.709
5804,0.0
5805,0.0
5806,0.0
5807,0.0
5808,0.0
5809,0.0
5810,0.0
5811,0.0
5812,0.0
5813,0.0
5814,0.0
5815,3.082
5816,112.381
5817,278.243
5818,419.219
5819,515.532
5820,582.12
5821,610.238
5822,592.861
5823,495.045
5824,405.042
5825,285.542
5826,201.112
5827,51.293
5828,0.0
5829,0.0
5830,0.0
5831,0.0
5832,0.0
5833,0.0
5834,0.0
5835,0.0
5836,0.0
5837,0.0
5838,0.0
5839,0.0
5840,54.319
5841,138.773
5842,212.977
5843,260.966
5844,302.538
5845,322.52
5846,316.032
5847,86.198
5848,188.342
5849,175.753
5850,95.43
5851,22.739
5852,0.0
5853,0.0
5854,0.0
5855,0.0
5856,0.0
5857,0.0
5858,0.0
5859,0.0
5860,0.0
5861,0.0
5862,0.0
5863,0.0
5864,50.928
5865,134.18
5866,211.356
5867,264.693
5868,304.387
5869,322.118
5870,117.723
5871,291.956
5872,242.415
5873,177.339
5874,96.065
5875,22.03
5876,0.0
5877,0.0
5878,0.0
5879,0.0
5880,0.0
5881,0.0
5882,0.0
5883,0.0
5884,0.0
5885,0.0
5886,0.0
5887,0.0
5888,49.932
5889,53.191
5890,109.099
5891,84.614
5892,155.198
5893,267.431
5894,335.862
5895,312.365
5896,264.087
5897,196.04
5898,107.627
5899,22.514
5900,0.0
5901,0.0
5902,0.0
5903,0.0
5904,0.0
5905,0.0
5906,0.0
5907,0.0
5908,0.0
5909,0.0
5910,0.0
5911,0.0
5912,58.779
5913,156.468
5914,240.876
5915,271.269
5916,312.996
5917,310.141
5918,327.03
5919,323.131
5920,235.784
5921,167.605
5922,108.252
5923,21.381
5924,0.0
5925,0.0
5926,0.0
5927,0.0
5928,0.0
5929,0.0
5930,0.0
5931,0.0
5932,0.0
5933,0.0
5934,0.0
5935,0.0
5936,58.739
5937,157.889
5938,239.975
5939,302.058
5940,341.069
5941,358.583
5942,349.252
5943,319.77
5944,268.088
5945,197.163
5946,105.573
5947,19.742
5948,0.0
5949,0.0
5950,0.0
5951,0.0
5952,0.0
5953,0.0
5954,0.0
5955,0.0
5956,0.0
5957,0.0
5958,0.0
5959,0.0
5960,57.551
5961,155.603
5962,238.277
5963,296.583
5964,300.073
5965,314.992
5966,311.32
5967,263.27
5968,238.652
5969,190.579
5970,100.252
5971,18.39
5972,0.0
5973,0.0
5974,0.0
5975,0.0
5976,0.0
5977,0.0
5978,0.0
5979,0.0
5980,0.0
5981,0.0
5982,0.0
5983,0.0
5984,41.629
5985,149.895
5986,230.863
5987,289.375
5988,327.291
5989,342.913
5990,331.51
5991,300.364
5992,248.297
5993,175.74
5994,89.739
5995,15.624
5996,0.0
5997,0.0
5998,0.0
5999,0.0
6000,0.0
6001,0.0
6002,0.0
6003,0.0
6004,0.0
6005,0.0
6006,0.0
6007,0.0
6008,42.792
6009,120.656
6010,193.035
6011,255.662
6012,294.051
6013,310.297
6014,300.067
6015,128.606
6016,224.317
6017,158.861
6018,79.879
6019,12.147
6020,0.0
6021,0.0
6022,0.0
6023,0.0
6024,0.0
6025,0.0
6026,0.0
6027,0.0
6028,0.0
6029,0.0
6030,0.0
6031,0.0
6032,42.918
6033,120.9
6034,185.102
6035,225.692
6036,263.705
6037,300.467
6038,292.804
6039,265.368
6040,215.854
6041,152.494
6042,75.701
6043,7.896
6044,0.0
6045,0.0
6046,0.0
6047,0.0
6048,0.0
6049,0.0
6050,0.0
6051,0.0
6052,0.0
6053,0.0
6054,0.0
6055,0.0
6056,42.403
6057,121.835
6058,197.01
6059,254.459
6060,294.122
6061,281.072
6062,252.652
6063,275.254
6064,215.073
6065,160.373
6066,78.253
6067,9.922
6068,0.0
6069,0.0
6070,0.0
6071,0.0
6072,0.0
6073,0.0
6074,0.0
6075,0.0
6076,0.0
6077,0.0
6078,0.0
6079,0.0
6080,54.357
6081,156.631
6082,245.343
6083,310.706
6084,353.495
6085,370.748
6086,360.398
6087,325.972
6088,270.801
6089,194.608
6090,95.962
6091,11.827
6092,0.0
6093,0.0
6094,0.0
6095,0.0
6096,0.0
6097,0.0
6098,0.0
6099,0.0
6100,0.0
6101,0.0
6102,0.0
6103,0.0
6104,52.314
6105,151.747
6106,235.737
6107,295.428
6108,334.571
6109,350.077
6110,341.9
6111,311.68
6112,259.296
6113,150.278
6114,73.66
6115,7.635
6116,0.0
6117,0.0
6118,0.0
6119,0.0
6120,0.0
6121,0.0
6122,0.0
6123,0.0
6124,0.0
6125,0.0
6126,0.0
6127,0.0
6128,25.357
6129,126.963
6130,185.563
6131,250.943
6132,263.811
6133,294.683
6134,293.815
6135,234.78
6136,199.614
6137,74.47
6138,67.254
6139,7.765
6140,0.0
6141,0.0
6142,0.0
6143,0.0
6144,0.0
6145,0.0
6146,0.0
6147,0.0
6148,0.0
6149,0.0
6150,0.0
6151,0.0
6152,20.385
6153,102.505
6154,167.245
6155,224.254
6156,272.474
6157,280.112
6158,292.048
6159,264.622
6160,176.762
6161,140.091
6162,54.343
6163,3.352
6164,0.0
6165,0.0
6166,0.0
6167,0.0
6168,0.0
6169,0.0
6170,0.0
6171,0.0
6172,0.0
6173,0.0
6174,0.0
6175,0.0
6176,3.47
6177,42.33
6178,79.356
6179,174.352
6180,149.262
6181,125.269
6182,110.909
6183,112.807
6184,100.661
6185,129.862
6186,19.403
6187,3.907
6188,0.0
6189,0.0
6190,0.0
6191,0.0
6192,0.0
6193,0.0
6194,0.0
6195,0.0
6196,0.0
6197,0.0
6198,0.0
6199,0.0
6200,45.578
6201,75.872
6202,226.481
6203,290.575
6204,330.909
6205,346.223
6206,339.316
6207,307.498
6208,253.291
6209,178.844
6210,82.848
6211,3.219
6212,0.0
6213,0.0
6214,0.0
6215,0.0
6216,0.0
6217,0.0
6218,0.0
6219,0.0
6220,0.0
6221,0.0
6222,0.0
6223,0.0
6224,27.754
6225,92.523
6226,139.614
6227,262.255
6228,193.96
6229,251.796
6230,265.588
6231,173.646
6232,121.173
6233,103.729
6234,28.975
6235,0.0
6236,0.0
6237,0.0
6238,0.0
6239,0.0
6240,0.0
6241,0.0
6242,0.0
6243,0.0
6244,0.0
6245,0.0
6246,0.0
6247,0.0
6248,32.403
6249,42.657
6250,108.259
6251,27.658
6252,133.534
6253,203.934
6254,210.111
6255,188.677
6256,131.09
6257,109.668
6258,54.125
6259,0.624
6260,0.0
6261,0.0
6262,0.0
6263,0.0
6264,0.0
6265,0.0
6266,0.0
6267,0.0
6268,0.0
6269,0.0
6270,0.0
6271,0.0
6272,16.455
6273,122.513
6274,55.54
6275,196.206
6276,104.459
6277,159.496
6278,214.164
6279,134.658
6280,31.776
6281,91.25
6282,50.709
6283,0.327
6284,0.0
6285,0.0
6286,0.0
6287,0.0
6288,0.0
6289,0.0
6290,0.0
6291,0.0
6292,0.0
6293,0.0
6294,0.0
6295,0.0
6296,0.0
6297,24.603
6298,89.348
6299,101.918
6300,31.652
6301,105.762
6302,65.828
6303,125.364
6304,74.617
6305,45.337
6306,23.202
6307,0.0
6308,0.0
6309,0.0
6310,0.0
6311,0.0
6312,0.0
6313,0.0
6314,0.0
6315,0.0
6316,0.0
6317,0.0
6318,0.0
6319,0.0
6320,42.898
6321,141.663
6322,227.987
6323,288.833
6324,328.728
6325,344.222
6326,335.93
6327,301.606
6328,245.274
6329,166.259
6330,71.07
6331,0.311
6332,0.0
6333,0.0
6334,0.0
6335,0.0
6336,0.0
6337,0.0
6338,0.0
6339,0.0
6340,0.0
6341,0.0
6342,0.0
6343,0.0
6344,0.0
6345,9.925
6346,27.459
6347,18.015
6348,23.207
6349,152.431
6350,349.08
6351,314.604
6352,201.771
6353,173.258
6354,72.258
6355,0.0
6356,0.0
6357,0.0
6358,0.0
6359,0.0
6360,0.0
6361,0.0
6362,0.0
6363,0.0
6364,0.0
6365,0.0
6366,0.0
6367,0.0
6368,42.047
6369,140.759
6370,228.57
6371,290.329
6372,332.016
6373,348.1
6374,343.309
6375,307.827
6376,250.534
6377,166.671
6378,67.718
6379,0.0
6380,0.0
6381,0.0
6382,0.0
6383,0.0
6384,0.0
6385,0.0
6386,0.0
6387,0.0
6388,0.0
6389,0.0
6390,0.0
6391,0.0
6392,40.762
6393,140.717
6394,232.548
6395,298.679
6396,338.347
6397,353.341
6398,342.877
6399,307.452
6400,248.784
6401,167.909
6402,68.523
6403,0.0
6404,0.0
6405,0.0
6406,0.0
6407,0.0
6408,0.0
6409,0.0
6410,0.0
6411,0.0
6412,0.0
6413,0.0
6414,0.0
6415,0.0
6416,39.68
6417,125.025
6418,197.65
6419,240.538
6420,237.161
6421,304.49
6422,293.815
6423,247.977
6424,171.238
6425,149.437
6426,26.964
6427,0.0
6428,0.0
6429,0.0
6430,0.0
6431,0.0
6432,0.0
6433,0.0
6434,0.0
6435,0.0
6436,0.0
6437,0.0
6438,0.0
6439,0.0
6440,36.768
6441,130.883
6442,180.648
6443,202.77
6444,233.64
6445,218.834
6446,238.421
6447,196.517
6448,129.725
6449,68.968
6450,17.184
6451,0.0
6452,0.0
6453,0.0
6454,0.0
6455,0.0
6456,0.0
6457,0.0
6458,0.0
6459,0.0
6460,0.0
6461,0.0
6462,0.0
6463,0.0
6464,34.558
6465,60.71
6466,160.189
6467,281.498
6468,319.624
6469,333.232
6470,314.937
6471,274.494
6472,211.297
6473,137.218
6474,49.608
6475,0.0
6476,0.0
6477,0.0
6478,0.0
6479,0.0
6480,0.0
6481,0.0
6482,0.0
6483,0.0
6484,0.0
6485,0.0
6486,0.0
6487,0.0
6488,30.377
6489,36.43
6490,80.89
6491,89.618
6492,141.851
6493,269.504
6494,284.11
6495,270.367
6496,213.854
6497,136.976
6498,50.306
6499,0.0
6500,0.0
6501,0.0
6502,0.0
6503,0.0
6504,0.0
6505,0.0
6506,0.0
6507,0.0
6508,0.0
6509,0.0
6510,0.0
6511,0.0
6512,27.047
6513,108.178
6514,149.208
6515,246.712
6516,287.49
6517,303.424
6518,296.824
6519,263.752
6520,207.7
6521,131.403
6522,38.177
6523,0.0
6524,0.0
6525,0.0
6526,0.0
6527,0.0
6528,0.0
6529,0.0
6530,0.0
6531,0.0
6532,0.0
6533,0.0
6534,0.0
6535,0.0
6536,31.595
6537,122.615
6538,208.443
6539,269.181
6540,309.161
6541,324.569
6542,314.397
6543,277.32
6544,83.067
6545,135.471
6546,46.814
6547,0.0
6548,0.0
6549,0.0
6550,0.0
6551,0.0
6552,0.0
6553,0.0
6554,0.0
6555,0.0
6556,0.0
6557,0.0
6558,0.0
6559,0.0
6560,63.774
6561,241.477
6562,400.343
6563,511.741
6564,581.295
6565,603.511
6566,585.494
6567,520.495
6568,414.023
6569,259.805
6570,69.618
6571,0.0
6572,0.0
6573,0.0
6574,0.0
6575,0.0
6576,0.0
6577,0.0
6578,0.0
6579,0.0
6580,0.0
6581,0.0
6582,0.0
6583,0.0
6584,34.31
6585,54.933
6586,18.215
6587,387.647
6588,477.114
6589,335.308
6590,382.994
6591,442.419
6592,308.989
6593,68.561
6594,58.016
6595,0.0
6596,0.0
6597,0.0
6598,0.0
6599,0.0
6600,0.0
6601,0.0
6602,0.0
6603,0.0
6604,0.0
6605,0.0
6606,0.0
6607,0.0
6608,49.463
6609,202.826
6610,321.82
6611,463.492
6612,459.709
6613,505.219
6614,372.71
6615,344.135
6616,347.103
6617,221.58
6618,77.743
6619,0.0
6620,0.0
6621,0.0
6622,0.0
6623,0.0
6624,0.0
6625,0.0
6626,0.0
6627,0.0
6628,0.0
6629,0.0
6630,0.0
6631,0.0
6632,48.127
6633,199.413
6634,345.514
6635,447.214
6636,515.311
6637,541.235
6638,513.365
6639,453.525
6640,354.598
6641,220.244
6642,70.368
6643,0.0
6644,0.0
6645,0.0
6646,0.0
6647,0.0
6648,0.0
6649,0.0
6650,0.0
6651,0.0
6652,0.0
6653,0.0
6654,0.0
6655,0.0
6656,49.237
6657,208.493
6658,364.748
6659,477.56
6660,550.277
6661,573.496
6662,550.649
6663,489.621
6664,387.361
6665,237.536
6666,74.622
6667,0.0
6668,0.0
6669,0.0
6670,0.0
6671,0.0
6672,0.0
6673,0.0
6674,0.0
6675,0.0
6676,0.0
6677,0.0
6678,0.0
6679,0.0
6680,45.581
6681,205.075
6682,369.227
6683,113.627
6684,171.011
6685,118.926
6686,168.789
6687,226.563
6688,417.213
6689,260.693
6690,80.179
6691,0.0
6692,0.0
6693,0.0
6694,0.0
6695,0.0
6696,0.0
6697,0.0
6698,0.0
6699,0.0
6700,0.0
6701,0.0
6702,0.0
6703,0.0
6704,44.68
6705,167.86
6706,251.054
6707,441.915
6708,420.489
6709,493.069
6710,423.228
6711,534.33
6712,425.587
6713,126.165
6714,32.338
6715,0.0
6716,0.0
6717,0.0
6718,0.0
6719,0.0
6720,0.0
6721,0.0
6722,0.0
6723,0.0
6724,0.0
6725,0.0
6726,0.0
6727,0.0
6728,28.776
6729,101.996
6730,247.402
6731,201.828
6732,357.462
6733,341.428
6734,431.726
6735,353.144
6736,204.159
6737,145.437
6738,77.174
6739,0.0
6740,0.0
6741,0.0
6742,0.0
6743,0.0
6744,0.0
6745,0.0
6746,0.0
6747,0.0
6748,0.0
6749,0.0
6750,0.0
6751,0.0
6752,49.858
6753,227.561
6754,398.035
6755,513.726
6756,586.691
6757,532.692
6758,593.192
6759,522.419
6760,411.402
6761,248.148
6762,69.665
6763,0.0
6764,0.0
6765,0.0
6766,0.0
6767,0.0
6768,0.0
6769,0.0
6770,0.0
6771,0.0
6772,0.0
6773,0.0
6774,0.0
6775,0.0
6776,41.781
6777,64.895
6778,368.158
6779,156.067
6780,373.62
6781,318.118
6782,139.912
6783,142.611
6784,197.663
6785,229.81
6786,61.359
6787,0.0
6788,0.0
6789,0.0
6790,0.0
6791,0.0
6792,0.0
6793,0.0
6794,0.0
6795,0.0
6796,0.0
6797,0.0
6798,0.0
6799,0.0
6800,38.662
6801,26.277
6802,71.008
6803,92.581
6804,121.813
6805,149.761
6806,185.353
6807,86.803
6808,87.09
6809,36.506
6810,60.155
6811,0.0
6812,0.0
6813,0.0
6814,0.0
6815,0.0
6816,0.0
6817,0.0
6818,0.0
6819,0.0
6820,0.0
6821,0.0
6822,0.0
6823,0.0
6824,0.0
6825,11.079
6826,80.854
6827,76.425
6828,191.158
6829,201.319
6830,246.841
6831,237.026
6832,204.022
6833,131.671
6834,40.582
6835,0.0
6836,0.0
6837,0.0
6838,0.0
6839,0.0
6840,0.0
6841,0.0
6842,0.0
6843,0.0
6844,0.0
6845,0.0
6846,0.0
6847,0.0
6848,29.82
6849,180.047
6850,331.056
6851,434.472
6852,505.868
6853,531.715
6854,530.374
6855,464.452
6856,359.266
6857,200.821
6858,45.574
6859,0.0
6860,0.0
6861,0.0
6862,0.0
6863,0.0
6864,0.0
6865,0.0
6866,0.0
6867,0.0
6868,0.0
6869,0.0
6870,0.0
6871,0.0
6872,32.837
6873,192.598
6874,360.456
6875,495.396
6876,566.322
6877,592.787
6878,569.907
6879,501.908
6880,391.182
6881,227.332
6882,53.246
6883,0.0
6884,0.0
6885,0.0
6886,0.0
6887,0.0
6888,0.0
6889,0.0
6890,0.0
6891,0.0
6892,0.0
6893,0.0
6894,0.0
6895,0.0
6896,40.271
6897,229.043
6898,407.045
6899,526.517
6900,600.566
6901,627.94
6902,606.605
6903,533.546
6904,416.344
6905,244.068
6906,56.508
6907,0.0
6908,0.0
6909,0.0
6910,0.0
6911,0.0
6912,0.0
6913,0.0
6914,0.0
6915,0.0
6916,0.0
6917,0.0
6918,0.0
6919,0.0
6920,35.929
6921,217.903
6922,389.429
6923,506.759
6924,578.856
6925,604.623
6926,584.609
6927,515.971
6928,402.652
6929,234.093
6930,50.9
6931,0.0
6932,0.0
6933,0.0
6934,0.0
6935,0.0
6936,0.0
6937,0.0
6938,0.0
6939,0.0
6940,0.0
6941,0.0
6942,0.0
6943,0.0
6944,12.159
6945,117.679
6946,311.818
6947,482.356
6948,390.688
6949,315.129
6950,104.557
6951,369.573
6952,228.684
6953,186.535
6954,33.539
6955,0.0
6956,0.0
6957,0.0
6958,0.0
6959,0.0
6960,0.0
6961,0.0
6962,0.0
6963,0.0
6964,0.0
6965,0.0
6966,0.0
6967,0.0
6968,27.45
6969,178.982
6970,378.056
6971,491.838
6972,559.813
6973,583.084
6974,561.76
6975,492.419
6976,381.268
6977,217.578
6978,42.151
6979,0.0
6980,0.0
6981,0.0
6982,0.0
6983,0.0
6984,0.0
6985,0.0
6986,0.0
6987,0.0
6988,0.0
6989,0.0
6990,0.0
6991,0.0
6992,19.961
6993,186.433
6994,280.559
6995,383.626
6996,424.144
6997,575.788
6998,557.433
6999,490.982
7000,356.229
7001,129.466
7002,20.479
7003,0.0
7004,0.0
7005,0.0
7006,0.0
7007,0.0
7008,0.0
7009,0.0
7010,0.0
7011,0.0
7012,0.0
7013,0.0
7014,0.0
7015,0.0
7016,0.0
7017,0.0
7018,5.3
7019,55.346
7020,98.973
7021,140.566
7022,53.448
7023,94.801
7024,31.391
7025,70.407
7026,6.277
7027,0.0
7028,0.0
7029,0.0
7030,0.0
7031,0.0
7032,0.0
7033,0.0
7034,0.0
7035,0.0
7036,0.0
7037,0.0
7038,0.0
7039,0.0
7040,0.0
7041,10.64
7042,9.811
7043,34.082
7044,47.599
7045,115.298
7046,135.192
7047,120.567
7048,46.473
7049,29.586
7050,0.392
7051,0.0
7052,0.0
7053,0.0
7054,0.0
7055,0.0
7056,0.0
7057,0.0
7058,0.0
7059,0.0
7060,0.0
7061,0.0
7062,0.0
7063,0.0
7064,0.0
7065,41.198
7066,228.341
7067,78.67
7068,265.265
7069,335.796
7070,137.623
7071,191.978
7072,11.788
7073,18.686
7074,0.0
7075,0.0
7076,0.0
7077,0.0
7078,0.0
7079,0.0
7080,0.0
7081,0.0
7082,0.0
7083,0.0
7084,0.0
7085,0.0
7086,0.0
7087,0.0
7088,3.832
7089,78.599
7090,363.318
7091,375.476
7092,225.551
7093,224.82
7094,243.05
7095,302.671
7096,244.252
7097,124.518
7098,9.743
7099,0.0
7100,0.0
7101,0.0
7102,0.0
7103,0.0
7104,0.0
7105,0.0
7106,0.0
7107,0.0
7108,0.0
7109,0.0
7110,0.0
7111,0.0
7112,2.284
7113,174.99
7114,359.532
7115,64.178
7116,394.868
7117,42.524
7118,332.125
7119,174.803
7120,28.311
7121,11.329
7122,16.372
7123,0.0
7124,0.0
7125,0.0
7126,0.0
7127,0.0
7128,0.0
7129,0.0
7130,0.0
7131,0.0
7132,0.0
7133,0.0
7134,0.0
7135,0.0
7136,12.81
7137,187.686
7138,369.489
7139,502.631
7140,187.103
7141,197.579
7142,97.658
7143,257.307
7144,100.969
7145,52.511
7146,17.261
7147,0.0
7148,0.0
7149,0.0
7150,0.0
7151,0.0
7152,0.0
7153,0.0
7154,0.0
7155,0.0
7156,0.0
7157,0.0
7158,0.0
7159,0.0
7160,3.769
7161,96.025
7162,277.598
7163,369.742
7164,428.976
7165,573.401
7166,550.965
7167,221.083
7168,161.968
7169,182.314
7170,12.78
7171,0.0
7172,0.0
7173,0.0
7174,0.0
7175,0.0
7176,0.0
7177,0.0
7178,0.0
7179,0.0
7180,0.0
7181,0.0
7182,0.0
7183,0.0
7184,8.228
7185,172.338
7186,350.853
7187,477.576
7188,551.14
7189,382.737
7190,166.402
7191,140.43
7192,123.032
7193,69.708
7194,2.163
7195,0.0
7196,0.0
7197,0.0
7198,0.0
7199,0.0
7200,0.0
7201,0.0
7202,0.0
7203,0.0
7204,0.0
7205,0.0
7206,0.0
7207,0.0
7208,0.887
7209,62.917
7210,255.805
7211,381.033
7212,539.446
7213,272.85
7214,331.471
7215,464.513
7216,345.549
7217,176.052
7218,10.923
7219,0.0
7220,0.0
7221,0.0
7222,0.0
7223,0.0
7224,0.0
7225,0.0
7226,0.0
7227,0.0
7228,0.0
7229,0.0
7230,0.0
7231,0.0
7232,7.916
7233,180.119
7234,358.989
7235,481.87
7236,554.752
7237,577.53
7238,553.718
7239,480.625
7240,358.033
7241,181.446
7242,10.536
7243,0.0
7244,0.0
7245,0.0
7246,0.0
7247,0.0
7248,0.0
7249,0.0
7250,0.0
7251,0.0
7252,0.0
7253,0.0
7254,0.0
7255,0.0
7256,8.106
7257,102.695
7258,269.649
7259,364.967
7260,565.905
7261,587.658
7262,554.436
7263,475.515
7264,238.245
7265,85.936
7266,1.656
7267,0.0
7268,0.0
7269,0.0
7270,0.0
7271,0.0
7272,0.0
7273,0.0
7274,0.0
7275,0.0
7276,0.0
7277,0.0
7278,0.0
7279,0.0
7280,0.0
7281,55.351
7282,128.79
7283,318.912
7284,468.757
7285,218.68
7286,40.774
7287,27.295
7288,80.158
7289,50.316
7290,0.0
7291,0.0
7292,0.0
7293,0.0
7294,0.0
7295,0.0
7296,0.0
7297,0.0
7298,0.0
7299,0.0
7300,0.0
7301,0.0
7302,0.0
7303,0.0
7304,2.928
7305,48.62
7306,85.769
7307,85.511
7308,148.376
7309,626.658
7310,598.62
7311,519.142
7312,381.993
7313,185.776
7314,5.62
7315,0.0
7316,0.0
7317,0.0
7318,0.0
7319,0.0
7320,0.0
7321,0.0
7322,0.0
7323,0.0
7324,0.0
7325,0.0
7326,0.0
7327,0.0
7328,5.071
7329,183.302
7330,379.134
7331,510.169
7332,585.468
7333,610.014
7334,577.922
7335,495.35
7336,362.641
7337,178.834
7338,4.356
7339,0.0
7340,0.0
7341,0.0
7342,0.0
7343,0.0
7344,0.0
7345,0.0
7346,0.0
7347,0.0
7348,0.0
7349,0.0
7350,0.0
7351,0.0
7352,0.0
7353,121.632
7354,269.115
7355,430.538
7356,496.793
7357,602.44
7358,464.556
7359,429.978
7360,341.62
7361,166.694
7362,3.171
7363,0.0
7364,0.0
7365,0.0
7366,0.0
7367,0.0
7368,0.0
7369,0.0
7370,0.0
7371,0.0
7372,0.0
7373,0.0
7374,0.0
7375,0.0
7376,0.0
7377,147.139
7378,183.48
7379,312.825
7380,549.375
7381,566.337
7382,310.247
7383,314.163
7384,111.63
7385,43.135
7386,0.0
7387,0.0
7388,0.0
7389,0.0
7390,0.0
7391,0.0
7392,0.0
7393,0.0
7394,0.0
7395,0.0
7396,0.0
7397,0.0
7398,0.0
7399,0.0
7400,0.0
7401,51.911
7402,73.435
7403,39.13
7404,15.955
7405,194.073
7406,22.157
7407,90.892
7408,20.134
7409,21.594
7410,0.0
7411,0.0
7412,0.0
7413,0.0
7414,0.0
7415,0.0
7416,0.0
7417,0.0
7418,0.0
7419,0.0
7420,0.0
7421,0.0
7422,0.0
7423,0.0
7424,0.0
7425,26.219
7426,64.945
7427,11.841
7428,93.495
7429,197.216
7430,200.771
7431,105.563
7432,169.432
7433,156.908
7434,0.0
7435,0.0
7436,0.0
7437,0.0
7438,0.0
7439,0.0
7440,0.0
7441,0.0
7442,0.0
7443,0.0
7444,0.0
7445,0.0
7446,0.0
7447,0.0
7448,0.0
7449,154.761
7450,302.832
7451,428.035
7452,423.796
7453,417.341
7454,472.593
7455,438.444
7456,257.211
7457,143.013
7458,0.0
7459,0.0
7460,0.0
7461,0.0
7462,0.0
7463,0.0
7464,0.0
7465,0.0
7466,0.0
7467,0.0
7468,0.0
7469,0.0
7470,0.0
7471,0.0
7472,0.0
7473,54.749
7474,140.12
7475,333.057
7476,195.506
7477,369.863
7478,290.842
7479,296.343
7480,184.907
7481,112.415
7482,0.0
7483,0.0
7484,0.0
7485,0.0
7486,0.0
7487,0.0
7488,0.0
7489,0.0
7490,0.0
7491,0.0
7492,0.0
7493,0.0
7494,0.0
7495,0.0
7496,0.0
7497,45.351
7498,272.355
7499,362.592
7500,405.739
7501,446.733
7502,506.308
7503,384.536
7504,160.078
7505,9.997
7506,0.0
7507,0.0
7508,0.0
7509,0.0
7510,0.0
7511,0.0
7512,0.0
7513,0.0
7514,0.0
7515,0.0
7516,0.0
7517,0.0
7518,0.0
7519,0.0
7520,0.0
7521,159.575
7522,361.34
7523,504.726
7524,585.436
7525,454.771
7526,587.388
7527,504.479
7528,363.048
7529,165.938
7530,0.0
7531,0.0
7532,0.0
7533,0.0
7534,0.0
7535,0.0
7536,0.0
7537,0.0
7538,0.0
7539,0.0
7540,0.0
7541,0.0
7542,0.0
7543,0.0
7544,0.0
7545,148.594
7546,345.253
7547,486.309
7548,562.418
7549,585.834
7550,507.393
7551,389.678
7552,281.633
7553,70.695
7554,0.0
7555,0.0
7556,0.0
7557,0.0
7558,0.0
7559,0.0
7560,0.0
7561,0.0
7562,0.0
7563,0.0
7564,0.0
7565,0.0
7566,0.0
7567,0.0
7568,0.0
7569,142.889
7570,340.72
7571,482.037
7572,559.322
7573,465.108
7574,548.469
7575,403.471
7576,199.979
7577,103.119
7578,0.0
7579,0.0
7580,0.0
7581,0.0
7582,0.0
7583,0.0
7584,0.0
7585,0.0
7586,0.0
7587,0.0
7588,0.0
7589,0.0
7590,0.0
7591,0.0
7592,0.0
7593,132.375
7594,325.371
7595,474.095
7596,559.415
7597,587.927
7598,452.938
7599,484.416
7600,344.154
7601,150.294
7602,0.0
7603,0.0
7604,0.0
7605,0.0
7606,0.0
7607,0.0
7608,0.0
7609,0.0
7610,0.0
7611,0.0
7612,0.0
7613,0.0
7614,0.0
7615,0.0
7616,0.0
7617,55.77
7618,143.829
7619,326.846
7620,215.953
7621,237.095
7622,248.259
7623,205.131
7624,29.747
7625,32.992
7626,0.0
7627,0.0
7628,0.0
7629,0.0
7630,0.0
7631,0.0
7632,0.0
7633,0.0
7634,0.0
7635,0.0
7636,0.0
7637,0.0
7638,0.0
7639,0.0
7640,0.0
7641,7.645
7642,116.879
7643,50.772
7644,83.79
7645,2.731
7646,9.824
7647,8.173
7648,86.631
7649,4.811
7650,0.0
7651,0.0
7652,0.0
7653,0.0
7654,0.0
7655,0.0
7656,0.0
7657,0.0
7658,0.0
7659,0.0
7660,0.0
7661,0.0
7662,0.0
7663,0.0
7664,0.0
7665,4.558
7666,39.602
7667,133.283
7668,113.547
7669,207.515
7670,193.585
7671,203.646
7672,81.807
7673,30.233
7674,0.0
7675,0.0
7676,0.0
7677,0.0
7678,0.0
7679,0.0
7680,0.0
7681,0.0
7682,0.0
7683,0.0
7684,0.0
7685,0.0
7686,0.0
7687,0.0
7688,0.0
7689,138.734
7690,354.931
7691,515.032
7692,601.336
7693,630.103
7694,596.753
7695,511.121
7696,356.482
7697,149.62
7698,0.0
7699,0.0
7700,0.0
7701,0.0
7702,0.0
7703,0.0
7704,0.0
7705,0.0
7706,0.0
7707,0.0
7708,0.0
7709,0.0
7710,0.0
7711,0.0
7712,0.0
7713,32.469
7714,149.929
7715,258.901
7716,564.877
7717,595.944
7718,567.015
7719,223.177
7720,79.571
7721,23.068
7722,0.0
7723,0.0
7724,0.0
7725,0.0
7726,0.0
7727,0.0
7728,0.0
7729,0.0
7730,0.0
7731,0.0
7732,0.0
7733,0.0
7734,0.0
7735,0.0
7736,0.0
7737,115.854
7738,319.659
7739,475.901
7740,558.16
7741,583.868
7742,555.366
7743,434.396
7744,324.46
7745,132.669
7746,0.0
7747,0.0
7748,0.0
7749,0.0
7750,0.0
7751,0.0
7752,0.0
7753,0.0
7754,0.0
7755,0.0
7756,0.0
7757,0.0
7758,0.0
7759,0.0
7760,0.0
7761,103.871
7762,225.686
7763,438.559
7764,517.482
7765,464.667
7766,452.119
7767,430.29
7768,287.197
7769,107.832
7770,0.0
7771,0.0
7772,0.0
7773,0.0
7774,0.0
7775,0.0
7776,0.0
7777,0.0
7778,0.0
7779,0.0
7780,0.0
7781,0.0
7782,0.0
7783,0.0
7784,0.0
7785,30.23
7786,39.238
7787,189.793
7788,221.798
7789,440.077
7790,440.945
7791,336.827
7792,180.185
7793,53.075
7794,0.0
7795,0.0
7796,0.0
7797,0.0
7798,0.0
7799,0.0
7800,0.0
7801,0.0
7802,0.0
7803,0.0
7804,0.0
7805,0.0
7806,0.0
7807,0.0
7808,0.0
7809,96.245
7810,301.343
7811,190.89
7812,234.837
7813,414.605
7814,571.011
7815,485.907
7816,334.668
7817,135.545
7818,0.0
7819,0.0
7820,0.0
7821,0.0
7822,0.0
7823,0.0
7824,0.0
7825,0.0
7826,0.0
7827,0.0
7828,0.0
7829,0.0
7830,0.0
7831,0.0
7832,0.0
7833,12.639
7834,24.776
7835,153.621
7836,254.435
7837,358.786
7838,216.43
7839,455.36
7840,311.134
7841,119.229
7842,0.0
7843,0.0
7844,0.0
7845,0.0
7846,0.0
7847,0.0
7848,0.0
7849,0.0
7850,0.0
7851,0.0
7852,0.0
7853,0.0
7854,0.0
7855,0.0
7856,0.0
7857,111.25
7858,330.606
7859,494.558
7860,590.258
7861,625.896
7862,605.06
7863,518.915
7864,363.088
7865,146.795
7866,0.0
7867,0.0
7868,0.0
7869,0.0
7870,0.0
7871,0.0
7872,0.0
7873,0.0
7874,0.0
7875,0.0
7876,0.0
7877,0.0
7878,0.0
7879,0.0
7880,0.0
7881,80.851
7882,308.973
7883,304.744
7884,369.213
7885,296.124
7886,437.295
7887,119.997
7888,97.33
7889,19.873
7890,0.0
7891,0.0
7892,0.0
7893,0.0
7894,0.0
7895,0.0
7896,0.0
7897,0.0
7898,0.0
7899,0.0
7900,0.0
7901,0.0
7902,0.0
7903,0.0
7904,0.0
7905,83.265
7906,274.197
7907,409.421
7908,484.814
7909,141.718
7910,135.404
7911,419.112
7912,282.181
7913,97.868
7914,0.0
7915,0.0
7916,0.0
7917,0.0
7918,0.0
7919,0.0
7920,0.0
7921,0.0
7922,0.0
7923,0.0
7924,0.0
7925,0.0
7926,0.0
7927,0.0
7928,0.0
7929,13.593
7930,40.747
7931,76.473
7932,91.813
7933,48.529
7934,57.272
7935,60.222
7936,98.521
7937,9.847
7938,0.0
7939,0.0
7940,0.0
7941,0.0
7942,0.0
7943,0.0
7944,0.0
7945,0.0
7946,0.0
7947,0.0
7948,0.0
7949,0.0
7950,0.0
7951,0.0
7952,0.0
7953,14.487
7954,5.17
7955,11.492
7956,83.026
7957,92.397
7958,53.433
7959,386.744
7960,260.707
7961,101.218
7962,0.0
7963,0.0
7964,0.0
7965,0.0
7966,0.0
7967,0.0
7968,0.0
7969,0.0
7970,0.0
7971,0.0
7972,0.0
7973,0.0
7974,0.0
7975,0.0
7976,0.0
7977,12.115
7978,53.714
7979,39.733
7980,107.559
7981,53.635
7982,73.598
7983,52.389
7984,22.231
7985,97.991
7986,0.0
7987,0.0
7988,0.0
7989,0.0
7990,0.0
7991,0.0
7992,0.0
7993,0.0
7994,0.0
7995,0.0
7996,0.0
7997,0.0
7998,0.0
7999,0.0
8000,0.0
8001,16.27
8002,46.683
8003,129.415
8004,300.172
8005,432.902
8006,426.812
8007,466.817
8008,316.824
8009,55.581
8010,0.0
8011,0.0
8012,0.0
8013,0.0
8014,0.0
8015,0.0
8016,0.0
8017,0.0
8018,0.0
8019,0.0
8020,0.0
8021,0.0
8022,0.0
8023,0.0
8024,0.0
8025,72.716
8026,270.46
8027,426.489
8028,515.585
8029,546.967
8030,522.301
8031,442.525
8032,302.009
8033,113.661
8034,0.0
8035,0.0
8036,0.0
8037,0.0
8038,0.0
8039,0.0
8040,0.0
8041,0.0
8042,0.0
8043,0.0
8044,0.0
8045,0.0
8046,0.0
8047,0.0
8048,0.0
8049,14.336
8050,15.342
8051,240.731
8052,381.342
8053,371.248
8054,300.621
8055,253.785
8056,113.198
8057,43.622
8058,0.0
8059,0.0
8060,0.0
8061,0.0
8062,0.0
8063,0.0
8064,0.0
8065,0.0
8066,0.0
8067,0.0
8068,0.0
8069,0.0
8070,0.0
8071,0.0
8072,0.0
8073,9.444
8074,10.493
8075,71.284
8076,103.787
8077,199.333
8078,281.198
8079,309.567
8080,174.311
8081,13.817
8082,0.0
8083,0.0
8084,0.0
8085,0.0
8086,0.0
8087,0.0
8088,0.0
8089,0.0
8090,0.0
8091,0.0
8092,0.0
8093,0.0
8094,0.0
8095,0.0
8096,0.0
8097,0.0
8098,10.487
8099,17.546
8100,47.139
8101,26.738
8102,28.366
8103,24.486
8104,4.894
8105,23.225
8106,0.0
8107,0.0
8108,0.0
8109,0.0
8110,0.0
8111,0.0
8112,0.0
8113,0.0
8114,0.0
8115,0.0
8116,0.0
8117,0.0
8118,0.0
8119,0.0
8120,0.0
8121,9.453
8122,43.644
8123,60.013
8124,99.026
8125,172.725
8126,48.434
8127,447.501
8128,28.643
8129,89.391
8130,0.0
8131,0.0
8132,0.0
8133,0.0
8134,0.0
8135,0.0
8136,0.0
8137,0.0
8138,0.0
8139,0.0
8140,0.0
8141,0.0
8142,0.0
8143,0.0
8144,0.0
8145,53.502
8146,291.906
8147,75.447
8148,257.582
8149,277.405
8150,258.25
8151,199.372
8152,119.292
8153,94.81
8154,0.0
8155,0.0
8156,0.0
8157,0.0
8158,0.0
8159,0.0
8160,0.0
8161,0.0
8162,0.0
8163,0.0
8164,0.0
8165,0.0
8166,0.0
8167,0.0
8168,0.0
8169,8.846
8170,83.42
8171,344.814
8172,568.617
8173,606.588
8174,501.082
8175,431.324
8176,291.971
8177,92.72
8178,0.0
8179,0.0
8180,0.0
8181,0.0
8182,0.0
8183,0.0
8184,0.0
8185,0.0
8186,0.0
8187,0.0
8188,0.0
8189,0.0
8190,0.0
8191,0.0
8192,0.0
8193,21.542
8194,58.419
8195,141.634
8196,313.861
8197,268.512
8198,207.501
8199,17.953
8200,245.56
8201,82.24
8202,0.0
8203,0.0
8204,0.0
8205,0.0
8206,0.0
8207,0.0
8208,0.0
8209,0.0
8210,0.0
8211,0.0
8212,0.0
8213,0.0
8214,0.0
8215,0.0
8216,0.0
8217,2.458
8218,55.094
8219,0.231
8220,67.051
8221,50.341
8222,0.17
8223,4.607
8224,26.936
8225,5.705
8226,0.0
8227,0.0
8228,0.0
8229,0.0
8230,0.0
8231,0.0
8232,0.0
8233,0.0
8234,0.0
8235,0.0
8236,0.0
8237,0.0
8238,0.0
8239,0.0
8240,0.0
8241,0.0
8242,40.881
8243,14.594
8244,69.404
8245,68.814
8246,26.688
8247,23.8
8248,23.934
8249,5.068
8250,0.0
8251,0.0
8252,0.0
8253,0.0
8254,0.0
8255,0.0
8256,0.0
8257,0.0
8258,0.0
8259,0.0
8260,0.0
8261,0.0
8262,0.0
8263,0.0
8264,0.0
8265,0.0
8266,13.048
8267,61.492
8268,104.578
8269,207.576
8270,370.858
8271,421.821
8272,287.024
8273,107.982
8274,0.0
8275,0.0
8276,0.0
8277,0.0
8278,0.0
8279,0.0
8280,0.0
8281,0.0
8282,0.0
8283,0.0
8284,0.0
8285,0.0
8286,0.0
8287,0.0
8288,0.0
8289,31.482
8290,225.754
8291,377.784
8292,475.081
8293,512.813
8294,494.492
8295,422.97
8296,289.432
8297,109.718
8298,0.0
8299,0.0
8300,0.0
8301,0.0
8302,0.0
8303,0.0
8304,0.0
8305,0.0
8306,0.0
8307,0.0
8308,0.0
8309,0.0
8310,0.0
8311,0.0
8312,0.0
8313,4.156
8314,98.872
8315,146.656
8316,229.653
8317,99.134
8318,63.632
8319,95.194
8320,20.151
8321,0.0
8322,0.0
8323,0.0
8324,0.0
8325,0.0
8326,0.0
8327,0.0
8328,0.0
8329,0.0
8330,0.0
8331,0.0
8332,0.0
8333,0.0
8334,0.0
8335,0.0
8336,0.0
8337,2.782
8338,57.036
8339,109.186
8340,438.576
8341,260.194
8342,166.082
8343,94.925
8344,74.721
8345,103.828
8346,0.0
8347,0.0
8348,0.0
8349,0.0
8350,0.0
8351,0.0
8352,0.0
8353,0.0
8354,0.0
8355,0.0
8356,0.0
8357,0.0
8358,0.0
8359,0.0
8360,0.0
8361,26.635
8362,40.9
8363,76.491
8364,205.838
8365,165.168
8366,296.718
8367,447.949
8368,253.154
8369,68.83
8370,0.0
8371,0.0
8372,0.0
8373,0.0
8374,0.0
8375,0.0
8376,0.0
8377,0.0
8378,0.0
8379,0.0
8380,0.0
8381,0.0
8382,0.0
8383,0.0
8384,0.0
8385,15.457
8386,22.293
8387,37.349
8388,84.992
8389,95.514
8390,441.854
8391,90.512
8392,59.555
8393,102.801
8394,0.0
8395,0.0
8396,0.0
8397,0.0
8398,0.0
8399,0.0
8400,0.0
8401,0.0
8402,0.0
8403,0.0
8404,0.0
8405,0.0
8406,0.0
8407,0.0
8408,0.0
8409,0.0
8410,13.014
8411,20.473
8412,35.027
8413,55.626
8414,80.679
8415,69.93
8416,77.328
8417,114.06
8418,0.0
8419,0.0
8420,0.0
8421,0.0
8422,0.0
8423,0.0
8424,0.0
8425,0.0
8426,0.0
8427,0.0
8428,0.0
8429,0.0
8430,0.0
8431,0.0
8432,0.0
8433,3.424
8434,34.907
8435,272.239
8436,365.125
8437,470.241
8438,424.268
8439,243.266
8440,78.386
8441,16.27
8442,0.0
8443,0.0
8444,0.0
8445,0.0
8446,0.0
8447,0.0
8448,0.0
8449,0.0
8450,0.0
8451,0.0
8452,0.0
8453,0.0
8454,0.0
8455,0.0
8456,0.0
8457,5.323
8458,55.05
8459,71.155
8460,256.428
8461,382.03
8462,369.824
8463,318.103
8464,159.626
8465,24.843
8466,0.0
8467,0.0
8468,0.0
8469,0.0
8470,0.0
8471,0.0
8472,0.0
8473,0.0
8474,0.0
8475,0.0
8476,0.0
8477,0.0
8478,0.0
8479,0.0
8480,0.0
8481,27.101
8482,275.041
8483,481.565
8484,600.925
8485,648.134
8486,414.419
8487,545.732
8488,384.03
8489,138.424
8490,0.0
8491,0.0
8492,0.0
8493,0.0
8494,0.0
8495,0.0
8496,0.0
8497,0.0
8498,0.0
8499,0.0
8500,0.0
8501,0.0
8502,0.0
8503,0.0
8504,0.0
8505,22.495
8506,203.24
8507,365.251
8508,464.986
8509,502.379
8510,486.507
8511,415.827
8512,284.224
8513,112.173
8514,0.0
8515,0.0
8516,0.0
8517,0.0
8518,0.0
8519,0.0
8520,0.0
8521,0.0
8522,0.0
8523,0.0
8524,0.0
8525,0.0
8526,0.0
8527,0.0
8528,0.0
8529,0.0
8530,138.696
8531,171.701
8532,86.78
8533,263.956
8534,344.408
8535,112.366
8536,3.292
8537,32.629
8538,0.0
8539,0.0
8540,0.0
8541,0.0
8542,0.0
8543,0.0
8544,0.0
8545,0.0
8546,0.0
8547,0.0
8548,0.0
8549,0.0
8550,0.0
8551,0.0
8552,0.0
8553,0.0
8554,8.046
8555,31.556
8556,10.433
8557,55.739
8558,26.388
8559,94.682
8560,31.54
8561,112.084
8562,0.0
8563,0.0
8564,0.0
8565,0.0
8566,0.0
8567,0.0
8568,0.0
8569,0.0
8570,0.0
8571,0.0
8572,0.0
8573,0.0
8574,0.0
8575,0.0
8576,0.0
8577,6.037
8578,119.158
8579,219.805
8580,359.533
8581,331.589
8582,625.513
8583,236.678
8584,80.544
8585,139.441
8586,0.0
8587,0.0
8588,0.0
8589,0.0
8590,0.0
8591,0.0
8592,0.0
8593,0.0
8594,0.0
8595,0.0
8596,0.0
8597,0.0
8598,0.0
8599,0.0
8600,0.0
8601,22.845
8602,260.51
8603,467.809
8604,590.559
8605,647.147
8606,630.798
8607,551.573
8608,395.685
8609,151.055
8610,0.0
8611,0.0
8612,0.0
8613,0.0
8614,0.0
8615,0.0
8616,0.0
8617,0.0
8618,0.0
8619,0.0
8620,0.0
8621,0.0
8622,0.0
8623,0.0
8624,0.0
8625,23.065
8626,260.394
8627,455.643
8628,576.123
8629,623.614
8630,506.543
8631,467.0
8632,265.66
8633,101.971
8634,0.0
8635,0.0
8636,0.0
8637,0.0
8638,0.0
8639,0.0
8640,0.0
8641,0.0
8642,0.0
8643,0.0
8644,0.0
8645,0.0
8646,0.0
8647,0.0
8648,0.0
8649,20.187
8650,246.147
8651,450.699
8652,571.955
8653,627.525
8654,610.925
8655,534.888
8656,384.528
8657,148.826
8658,0.0
8659,0.0
8660,0.0
8661,0.0
8662,0.0
8663,0.0
8664,0.0
8665,0.0
8666,0.0
8667,0.0
8668,0.0
8669,0.0
8670,0.0
8671,0.0
8672,0.0
8673,9.228
8674,25.082
8675,74.477
8676,162.564
8677,61.452
8678,91.517
8679,60.826
8680,256.46
8681,102.57
8682,0.0
8683,0.0
8684,0.0
8685,0.0
8686,0.0
8687,0.0
8688,0.0
8689,0.0
8690,0.0
8691,0.0
8692,0.0
8693,0.0
8694,0.0
8695,0.0
8696,0.0
8697,0.0
8698,43.11
8699,5.674
8700,5.599
8701,46.014
8702,55.12
8703,32.732
8704,11.25
8705,27.676
8706,0.0
8707,0.0
8708,0.0
8709,0.0
8710,0.0
8711,0.0
8712,0.0
8713,0.0
8714,0.0
8715,0.0
8716,0.0
8717,0.0
8718,0.0
8719,0.0
8720,0.0
8721,19.627
8722,203.014
8723,355.316
8724,460.329
8725,503.527
8726,493.967
8727,357.342
8728,310.133
8729,137.615
8730,0.0
8731,0.0
8732,0.0
8733,0.0
8734,0.0
8735,0.0
8736,0.0
8737,0.0
8738,0.0
8739,0.0
8740,0.0
8741,0.0
8742,0.0
8743,0.0
8744,0.0
8745,16.397
8746,188.861
8747,351.737
8748,453.912
8749,494.877
8750,480.883
8751,421.208
8752,301.308
8753,132.862
8754,0.0
8755,0.0
8756,0.0
8757,0.0
8758,0.0
8759,0.0
8760,0.0
